Age,Gender,Period,Unemployed,State
16 to 19 years,Men,2005-01-01,91000,State
20 to 24 years,Men,2005-01-01,175000,State
25 to 34 years,Men,2005-01-01,194000,State
35 to 44 years,Men,2005-01-01,201000,State
45 to 54 years,Men,2005-01-01,207000,State
55 to 64 years,Men,2005-01-01,101000,State
65 years and over,Men,2005-01-01,33000,State
16 to 19 years,Women,2005-01-01,38000,State
20 to 24 years,Women,2005-01-01,90000,State
25 to 34 years,Women,2005-01-01,142000,State
35 to 44 years,Women,2005-01-01,180000,State
45 to 54 years,Women,2005-01-01,157000,State
55 to 64 years,Women,2005-01-01,71000,State
65 years and over,Women,2005-01-01,82000,State
16 to 19 years,Men,2005-02-01,90000,State
20 to 24 years,Men,2005-02-01,154000,State
25 to 34 years,Men,2005-02-01,176000,State
35 to 44 years,Men,2005-02-01,184000,State
45 to 54 years,Men,2005-02-01,186000,State
55 to 64 years,Men,2005-02-01,98000,State
65 years and over,Men,2005-02-01,38000,State
16 to 19 years,Women,2005-02-01,54000,State
20 to 24 years,Women,2005-02-01,114000,Pune
25 to 34 years,Women,2005-02-01,119000,Pune
35 to 44 years,Women,2005-02-01,170000,Pune
45 to 54 years,Women,2005-02-01,173000,Pune
55 to 64 years,Women,2005-02-01,94000,Pune
65 years and over,Women,2005-02-01,85000,Pune
16 to 19 years,Men,2005-03-01,114000,Pune
20 to 24 years,Men,2005-03-01,137000,Pune
25 to 34 years,Men,2005-03-01,195000,Pune
35 to 44 years,Men,2005-03-01,211000,Pune
45 to 54 years,Men,2005-03-01,223000,Pune
55 to 64 years,Men,2005-03-01,115000,Pune
65 years and over,Men,2005-03-01,32000,Pune
16 to 19 years,Women,2005-03-01,53000,Pune
20 to 24 years,Women,2005-03-01,113000,Pune
25 to 34 years,Women,2005-03-01,102000,Pune
35 to 44 years,Women,2005-03-01,141000,Pune
45 to 54 years,Women,2005-03-01,152000,Pune
55 to 64 years,Women,2005-03-01,101000,Pune
65 years and over,Women,2005-03-01,72000,Pune
16 to 19 years,Men,2005-04-01,86000,Pune
20 to 24 years,Men,2005-04-01,125000,Pune
25 to 34 years,Men,2005-04-01,191000,Pune
35 to 44 years,Men,2005-04-01,206000,Pune
45 to 54 years,Men,2005-04-01,181000,Pune
55 to 64 years,Men,2005-04-01,93000,Pune
65 years and over,Men,2005-04-01,31000,Pune
16 to 19 years,Women,2005-04-01,53000,Pune
20 to 24 years,Women,2005-04-01,114000,Pune
25 to 34 years,Women,2005-04-01,151000,Pune
35 to 44 years,Women,2005-04-01,172000,Pune
45 to 54 years,Women,2005-04-01,160000,Pune
55 to 64 years,Women,2005-04-01,90000,Pune
65 years and over,Women,2005-04-01,80000,Pune
16 to 19 years,Men,2005-05-01,87000,Pune
20 to 24 years,Men,2005-05-01,106000,Pune
25 to 34 years,Men,2005-05-01,183000,Pune
35 to 44 years,Men,2005-05-01,173000,Pune
45 to 54 years,Men,2005-05-01,159000,Pune
55 to 64 years,Men,2005-05-01,87000,Pune
65 years and over,Men,2005-05-01,22000,Pune
16 to 19 years,Women,2005-05-01,44000,Pune
20 to 24 years,Women,2005-05-01,99000,Pune
25 to 34 years,Women,2005-05-01,149000,Pune
35 to 44 years,Women,2005-05-01,144000,Pune
45 to 54 years,Women,2005-05-01,178000,Pune
55 to 64 years,Women,2005-05-01,74000,Pune
65 years and over,Women,2005-05-01,71000,Pune
16 to 19 years,Men,2005-06-01,74000,Pune
20 to 24 years,Men,2005-06-01,109000,Pune
25 to 34 years,Men,2005-06-01,162000,Pune
35 to 44 years,Men,2005-06-01,146000,Pune
45 to 54 years,Men,2005-06-01,171000,Pune
55 to 64 years,Men,2005-06-01,64000,Pune
65 years and over,Men,2005-06-01,37000,Pune
16 to 19 years,Women,2005-06-01,47000,Pune
20 to 24 years,Women,2005-06-01,73000,Pune
25 to 34 years,Women,2005-06-01,114000,Pune
35 to 44 years,Women,2005-06-01,114000,Pune
45 to 54 years,Women,2005-06-01,150000,Pune
55 to 64 years,Women,2005-06-01,58000,Pune
65 years and over,Women,2005-06-01,89000,Pune
16 to 19 years,Men,2005-07-01,79000,Pune
20 to 24 years,Men,2005-07-01,110000,Pune
25 to 34 years,Men,2005-07-01,139000,Pune
35 to 44 years,Men,2005-07-01,164000,Pune
45 to 54 years,Men,2005-07-01,181000,Pune
55 to 64 years,Men,2005-07-01,56000,Pune
65 years and over,Men,2005-07-01,36000,Pune
16 to 19 years,Women,2005-07-01,39000,Pune
20 to 24 years,Women,2005-07-01,72000,Pune
25 to 34 years,Women,2005-07-01,156000,Pune
35 to 44 years,Women,2005-07-01,115000,Pune
45 to 54 years,Women,2005-07-01,123000,Pune
55 to 64 years,Women,2005-07-01,81000,Pune
65 years and over,Women,2005-07-01,86000,Pune
16 to 19 years,Men,2005-08-01,69000,Pune
20 to 24 years,Men,2005-08-01,142000,Pune
25 to 34 years,Men,2005-08-01,141000,Pune
35 to 44 years,Men,2005-08-01,157000,Pune
45 to 54 years,Men,2005-08-01,163000,Pune
55 to 64 years,Men,2005-08-01,82000,Pune
65 years and over,Men,2005-08-01,25000,Pune
16 to 19 years,Women,2005-08-01,47000,Pune
20 to 24 years,Women,2005-08-01,57000,Pune
25 to 34 years,Women,2005-08-01,151000,Pune
35 to 44 years,Women,2005-08-01,137000,Pune
45 to 54 years,Women,2005-08-01,130000,Pune
55 to 64 years,Women,2005-08-01,85000,Pune
65 years and over,Women,2005-08-01,101000,Pune
16 to 19 years,Men,2005-09-01,64000,Pune
20 to 24 years,Men,2005-09-01,127000,Pune
25 to 34 years,Men,2005-09-01,161000,Pune
35 to 44 years,Men,2005-09-01,152000,Pune
45 to 54 years,Men,2005-09-01,146000,Pune
55 to 64 years,Men,2005-09-01,83000,Pune
65 years and over,Men,2005-09-01,36000,Pune
16 to 19 years,Women,2005-09-01,41000,Pune
20 to 24 years,Women,2005-09-01,55000,Pune
25 to 34 years,Women,2005-09-01,163000,Pune
35 to 44 years,Women,2005-09-01,149000,Pune
45 to 54 years,Women,2005-09-01,152000,Pune
55 to 64 years,Women,2005-09-01,80000,Pune
65 years and over,Women,2005-09-01,96000,Pune
16 to 19 years,Men,2005-10-01,51000,Pune
20 to 24 years,Men,2005-10-01,102000,Pune
25 to 34 years,Men,2005-10-01,152000,Pune
35 to 44 years,Men,2005-10-01,137000,Pune
45 to 54 years,Men,2005-10-01,195000,Pune
55 to 64 years,Men,2005-10-01,90000,Pune
65 years and over,Men,2005-10-01,41000,Pune
16 to 19 years,Women,2005-10-01,48000,Pune
20 to 24 years,Women,2005-10-01,56000,Pune
25 to 34 years,Women,2005-10-01,150000,Pune
35 to 44 years,Women,2005-10-01,156000,Pune
45 to 54 years,Women,2005-10-01,120000,Pune
55 to 64 years,Women,2005-10-01,69000,Pune
65 years and over,Women,2005-10-01,94000,Pune
16 to 19 years,Men,2005-11-01,53000,Pune
20 to 24 years,Men,2005-11-01,97000,Pune
25 to 34 years,Men,2005-11-01,137000,Pune
35 to 44 years,Men,2005-11-01,151000,Pune
45 to 54 years,Men,2005-11-01,197000,Pune
55 to 64 years,Men,2005-11-01,82000,Pune
65 years and over,Men,2005-11-01,37000,Pune
16 to 19 years,Women,2005-11-01,28000,Pune
20 to 24 years,Women,2005-11-01,65000,Pune
25 to 34 years,Women,2005-11-01,140000,Pune
35 to 44 years,Women,2005-11-01,129000,Pune
45 to 54 years,Women,2005-11-01,131000,Pune
55 to 64 years,Women,2005-11-01,82000,Pune
65 years and over,Women,2005-11-01,62000,Pune
16 to 19 years,Men,2005-12-01,62000,Pune
20 to 24 years,Men,2005-12-01,93000,Pune
25 to 34 years,Men,2005-12-01,164000,Pune
35 to 44 years,Men,2005-12-01,150000,Pune
45 to 54 years,Men,2005-12-01,190000,Pune
55 to 64 years,Men,2005-12-01,104000,Pune
65 years and over,Men,2005-12-01,20000,Pune
16 to 19 years,Women,2005-12-01,30000,Pune
20 to 24 years,Women,2005-12-01,56000,Pune
25 to 34 years,Women,2005-12-01,131000,Pune
35 to 44 years,Women,2005-12-01,112000,Pune
45 to 54 years,Women,2005-12-01,116000,Pune
55 to 64 years,Women,2005-12-01,73000,Pune
65 years and over,Women,2005-12-01,64000,Pune
16 to 19 years,Men,2006-01-01,34000,Pune
20 to 24 years,Men,2006-01-01,126000,Pune
25 to 34 years,Men,2006-01-01,141000,Pune
35 to 44 years,Men,2006-01-01,105000,Pune
45 to 54 years,Men,2006-01-01,162000,Pune
55 to 64 years,Men,2006-01-01,102000,Pune
65 years and over,Men,2006-01-01,35000,Pune
16 to 19 years,Women,2006-01-01,39000,Pune
20 to 24 years,Women,2006-01-01,27000,Pune
25 to 34 years,Women,2006-01-01,92000,Pune
35 to 44 years,Women,2006-01-01,134000,Pune
45 to 54 years,Women,2006-01-01,110000,Pune
55 to 64 years,Women,2006-01-01,85000,Pune
65 years and over,Women,2006-01-01,61000,Pune
16 to 19 years,Men,2006-02-01,68000,Pune
20 to 24 years,Men,2006-02-01,135000,Pune
25 to 34 years,Men,2006-02-01,190000,Pune
35 to 44 years,Men,2006-02-01,123000,Pune
45 to 54 years,Men,2006-02-01,182000,Pune
55 to 64 years,Men,2006-02-01,95000,Pune
65 years and over,Men,2006-02-01,21000,Pune
16 to 19 years,Women,2006-02-01,26000,Pune
20 to 24 years,Women,2006-02-01,75000,Pune
25 to 34 years,Women,2006-02-01,132000,Pune
35 to 44 years,Women,2006-02-01,150000,Pune
45 to 54 years,Women,2006-02-01,124000,Pune
55 to 64 years,Women,2006-02-01,69000,Pune
65 years and over,Women,2006-02-01,61000,Pune
16 to 19 years,Men,2006-03-01,84000,Pune
20 to 24 years,Men,2006-03-01,140000,Pune
25 to 34 years,Men,2006-03-01,134000,Pune
35 to 44 years,Men,2006-03-01,171000,Pune
45 to 54 years,Men,2006-03-01,163000,Pune
55 to 64 years,Men,2006-03-01,84000,Pune
65 years and over,Men,2006-03-01,20000,Pune
16 to 19 years,Women,2006-03-01,40000,Pune
20 to 24 years,Women,2006-03-01,52000,Pune
25 to 34 years,Women,2006-03-01,137000,Pune
35 to 44 years,Women,2006-03-01,138000,Pune
45 to 54 years,Women,2006-03-01,119000,Pune
55 to 64 years,Women,2006-03-01,60000,Pune
65 years and over,Women,2006-03-01,54000,Pune
16 to 19 years,Men,2006-04-01,97000,Pune
20 to 24 years,Men,2006-04-01,174000,Pune
25 to 34 years,Men,2006-04-01,155000,Pune
35 to 44 years,Men,2006-04-01,140000,Pune
45 to 54 years,Men,2006-04-01,141000,Pune
55 to 64 years,Men,2006-04-01,113000,Pune
65 years and over,Men,2006-04-01,23000,Pune
16 to 19 years,Women,2006-04-01,28000,Pune
20 to 24 years,Women,2006-04-01,71000,Pune
25 to 34 years,Women,2006-04-01,135000,Pune
35 to 44 years,Women,2006-04-01,157000,Pune
45 to 54 years,Women,2006-04-01,98000,Pune
55 to 64 years,Women,2006-04-01,59000,Pune
65 years and over,Women,2006-04-01,54000,Pune
16 to 19 years,Men,2006-05-01,66000,Pune
20 to 24 years,Men,2006-05-01,125000,Pune
25 to 34 years,Men,2006-05-01,137000,Pune
35 to 44 years,Men,2006-05-01,158000,Pune
45 to 54 years,Men,2006-05-01,178000,Pune
55 to 64 years,Men,2006-05-01,81000,Pune
65 years and over,Men,2006-05-01,12000,Pune
16 to 19 years,Women,2006-05-01,45000,Pune
20 to 24 years,Women,2006-05-01,54000,Pune
25 to 34 years,Women,2006-05-01,146000,Pune
35 to 44 years,Women,2006-05-01,148000,Pune
45 to 54 years,Women,2006-05-01,100000,Pune
55 to 64 years,Women,2006-05-01,56000,Pune
65 years and over,Women,2006-05-01,43000,Pune
16 to 19 years,Men,2006-06-01,63000,Pune
20 to 24 years,Men,2006-06-01,106000,Pune
25 to 34 years,Men,2006-06-01,134000,Pune
35 to 44 years,Men,2006-06-01,127000,Pune
45 to 54 years,Men,2006-06-01,124000,Pune
55 to 64 years,Men,2006-06-01,85000,Pune
65 years and over,Men,2006-06-01,13000,Pune
16 to 19 years,Women,2006-06-01,30000,Pune
20 to 24 years,Women,2006-06-01,39000,Pune
25 to 34 years,Women,2006-06-01,123000,Pune
35 to 44 years,Women,2006-06-01,110000,Pune
45 to 54 years,Women,2006-06-01,92000,Pune
55 to 64 years,Women,2006-06-01,63000,Pune
65 years and over,Women,2006-06-01,68000,Pune
16 to 19 years,Men,2006-07-01,74000,Pune
20 to 24 years,Men,2006-07-01,93000,Pune
25 to 34 years,Men,2006-07-01,133000,Pune
35 to 44 years,Men,2006-07-01,163000,Pune
45 to 54 years,Men,2006-07-01,138000,Pune
55 to 64 years,Men,2006-07-01,96000,Pune
65 years and over,Men,2006-07-01,9000,Pune
16 to 19 years,Women,2006-07-01,74000,Maharashtra
20 to 24 years,Women,2006-07-01,81000,Gujrat
25 to 34 years,Women,2006-07-01,115000,Rajsthan
35 to 44 years,Women,2006-07-01,133000,Rajsthan
45 to 54 years,Women,2006-07-01,84000,Rajsthan
55 to 64 years,Women,2006-07-01,83000,Pune
65 years and over,Women,2006-07-01,86000,Pune
16 to 19 years,Men,2006-08-01,77000,UP
20 to 24 years,Men,2006-08-01,130000,Pune
25 to 34 years,Men,2006-08-01,114000,UP
35 to 44 years,Men,2006-08-01,159000,Punjab
45 to 54 years,Men,2006-08-01,154000,Pune
55 to 64 years,Men,2006-08-01,87000,Pune
65 years and over,Men,2006-08-01,21000,Hariyana
16 to 19 years,Women,2006-08-01,46000,Maharashtra
20 to 24 years,Women,2006-08-01,63000,Maharashtra
25 to 34 years,Women,2006-08-01,102000,Pune
35 to 44 years,Women,2006-08-01,122000,Delhi
45 to 54 years,Women,2006-08-01,134000,Chennai
55 to 64 years,Women,2006-08-01,80000,Chennai
65 years and over,Women,2006-08-01,110000,Chennai
16 to 19 years,Men,2006-09-01,53000,Chennai
20 to 24 years,Men,2006-09-01,101000,Pune
25 to 34 years,Men,2006-09-01,113000,Pune
35 to 44 years,Men,2006-09-01,153000,Pune
45 to 54 years,Men,2006-09-01,120000,Pune
55 to 64 years,Men,2006-09-01,97000,Pune
65 years and over,Men,2006-09-01,10000,Pune
16 to 19 years,Women,2006-09-01,27000,Pune
20 to 24 years,Women,2006-09-01,88000,MP
25 to 34 years,Women,2006-09-01,120000,MP
35 to 44 years,Women,2006-09-01,122000,MP
45 to 54 years,Women,2006-09-01,125000,MP
55 to 64 years,Women,2006-09-01,86000,MP
65 years and over,Women,2006-09-01,111000,MP
16 to 19 years,Men,2006-10-01,50000,MP
20 to 24 years,Men,2006-10-01,92000,MP
25 to 34 years,Men,2006-10-01,118000,MP
35 to 44 years,Men,2006-10-01,100000,Pune
45 to 54 years,Men,2006-10-01,81000,Pune
55 to 64 years,Men,2006-10-01,91000,Pune
65 years and over,Men,2006-10-01,29000,Pune
16 to 19 years,Women,2006-10-01,21000,Pune
20 to 24 years,Women,2006-10-01,68000,Pune
25 to 34 years,Women,2006-10-01,85000,Mumbai
35 to 44 years,Women,2006-10-01,94000,Pune
45 to 54 years,Women,2006-10-01,118000,Pune
55 to 64 years,Women,2006-10-01,74000,Pune
65 years and over,Women,2006-10-01,83000,Pune
16 to 19 years,Men,2006-11-01,61000,Delhi
20 to 24 years,Men,2006-11-01,80000,Pune
25 to 34 years,Men,2006-11-01,129000,Pune
35 to 44 years,Men,2006-11-01,107000,Pune
45 to 54 years,Men,2006-11-01,102000,Pune
55 to 64 years,Men,2006-11-01,89000,Mumbai
65 years and over,Men,2006-11-01,28000,Pune
16 to 19 years,Women,2006-11-01,37000,Pune
20 to 24 years,Women,2006-11-01,82000,Pune
25 to 34 years,Women,2006-11-01,77000,Pune
35 to 44 years,Women,2006-11-01,108000,Pune
45 to 54 years,Women,2006-11-01,121000,Pune
55 to 64 years,Women,2006-11-01,74000,Pune
65 years and over,Women,2006-11-01,92000,Pune
16 to 19 years,Men,2006-12-01,66000,Pune
20 to 24 years,Men,2006-12-01,97000,Pune
25 to 34 years,Men,2006-12-01,102000,Pune
35 to 44 years,Men,2006-12-01,82000,Pune
45 to 54 years,Men,2006-12-01,130000,Pune
55 to 64 years,Men,2006-12-01,95000,Pune
65 years and over,Men,2006-12-01,18000,Pune
16 to 19 years,Women,2006-12-01,30000,Pune
20 to 24 years,Women,2006-12-01,49000,Pune
25 to 34 years,Women,2006-12-01,95000,Pune
35 to 44 years,Women,2006-12-01,96000,Pune
45 to 54 years,Women,2006-12-01,101000,Pune
55 to 64 years,Women,2006-12-01,81000,Pune
65 years and over,Women,2006-12-01,32000,Pune
16 to 19 years,Men,2007-01-01,57000,Pune
20 to 24 years,Men,2007-01-01,87000,Pune
25 to 34 years,Men,2007-01-01,138000,Pune
35 to 44 years,Men,2007-01-01,120000,Pune
45 to 54 years,Men,2007-01-01,108000,Pune
55 to 64 years,Men,2007-01-01,107000,Pune
65 years and over,Men,2007-01-01,16000,Pune
16 to 19 years,Women,2007-01-01,33000,Pune
20 to 24 years,Women,2007-01-01,43000,Pune
25 to 34 years,Women,2007-01-01,126000,Pune
35 to 44 years,Women,2007-01-01,114000,Pune
45 to 54 years,Women,2007-01-01,137000,Pune
55 to 64 years,Women,2007-01-01,72000,Pune
65 years and over,Women,2007-01-01,81000,Pune
16 to 19 years,Men,2007-02-01,100000,Pune
20 to 24 years,Men,2007-02-01,123000,Pune
25 to 34 years,Men,2007-02-01,153000,Pune
35 to 44 years,Men,2007-02-01,123000,Pune
45 to 54 years,Men,2007-02-01,148000,Pune
55 to 64 years,Men,2007-02-01,83000,Pune
65 years and over,Men,2007-02-01,29000,Pune
16 to 19 years,Women,2007-02-01,37000,Pune
20 to 24 years,Women,2007-02-01,45000,Pune
25 to 34 years,Women,2007-02-01,127000,Pune
35 to 44 years,Women,2007-02-01,124000,Pune
45 to 54 years,Women,2007-02-01,125000,Pune
55 to 64 years,Women,2007-02-01,50000,Pune
65 years and over,Women,2007-02-01,55000,Pune
16 to 19 years,Men,2007-03-01,83000,Pune
20 to 24 years,Men,2007-03-01,110000,Pune
25 to 34 years,Men,2007-03-01,168000,Pune
35 to 44 years,Men,2007-03-01,137000,Pune
45 to 54 years,Men,2007-03-01,189000,Pune
55 to 64 years,Men,2007-03-01,95000,Pune
65 years and over,Men,2007-03-01,28000,Pune
16 to 19 years,Women,2007-03-01,24000,Pune
20 to 24 years,Women,2007-03-01,35000,Pune
25 to 34 years,Women,2007-03-01,135000,Pune
35 to 44 years,Women,2007-03-01,102000,Pune
45 to 54 years,Women,2007-03-01,113000,Pune
55 to 64 years,Women,2007-03-01,56000,Pune
65 years and over,Women,2007-03-01,68000,Pune
16 to 19 years,Men,2007-04-01,90000,Pune
20 to 24 years,Men,2007-04-01,99000,Pune
25 to 34 years,Men,2007-04-01,191000,Pune
35 to 44 years,Men,2007-04-01,101000,Pune
45 to 54 years,Men,2007-04-01,161000,Pune
55 to 64 years,Men,2007-04-01,86000,Pune
65 years and over,Men,2007-04-01,20000,Aagra
16 to 19 years,Women,2007-04-01,45000,Aagra
20 to 24 years,Women,2007-04-01,53000,Aagra
25 to 34 years,Women,2007-04-01,138000,Aagra
35 to 44 years,Women,2007-04-01,94000,Aagra
45 to 54 years,Women,2007-04-01,122000,Aagra
55 to 64 years,Women,2007-04-01,53000,Pune
65 years and over,Women,2007-04-01,64000,Pune
16 to 19 years,Men,2007-05-01,73000,Pune
20 to 24 years,Men,2007-05-01,88000,Pune
25 to 34 years,Men,2007-05-01,172000,Pune
35 to 44 years,Men,2007-05-01,87000,Pune
45 to 54 years,Men,2007-05-01,133000,Chennai
55 to 64 years,Men,2007-05-01,82000,Chennai
65 years and over,Men,2007-05-01,19000,Chennai
16 to 19 years,Women,2007-05-01,37000,Chennai
20 to 24 years,Women,2007-05-01,44000,Chennai
25 to 34 years,Women,2007-05-01,119000,Chennai
35 to 44 years,Women,2007-05-01,97000,Chennai
45 to 54 years,Women,2007-05-01,107000,Chennai
55 to 64 years,Women,2007-05-01,60000,Chennai
65 years and over,Women,2007-05-01,71000,Chennai
16 to 19 years,Men,2007-06-01,54000,Chennai
20 to 24 years,Men,2007-06-01,113000,Chennai
25 to 34 years,Men,2007-06-01,140000,Chennai
35 to 44 years,Men,2007-06-01,106000,Chennai
45 to 54 years,Men,2007-06-01,141000,Chennai
55 to 64 years,Men,2007-06-01,81000,Chennai
65 years and over,Men,2007-06-01,17000,Chennai
16 to 19 years,Women,2007-06-01,54000,Punjab
20 to 24 years,Women,2007-06-01,44000,Chennai
25 to 34 years,Women,2007-06-01,94000,Chennai
35 to 44 years,Women,2007-06-01,98000,Chennai
45 to 54 years,Women,2007-06-01,100000,Chennai
55 to 64 years,Women,2007-06-01,52000,Chennai
65 years and over,Women,2007-06-01,109000,Chennai
16 to 19 years,Men,2007-07-01,44000,Punjab
20 to 24 years,Men,2007-07-01,129000,Chennai
25 to 34 years,Men,2007-07-01,112000,Chennai
35 to 44 years,Men,2007-07-01,136000,Chennai
45 to 54 years,Men,2007-07-01,148000,Chennai
55 to 64 years,Men,2007-07-01,93000,Lahor
65 years and over,Men,2007-07-01,36000,Chennai
16 to 19 years,Women,2007-07-01,41000,Chennai
20 to 24 years,Women,2007-07-01,75000,Chennai
25 to 34 years,Women,2007-07-01,128000,Lahor
35 to 44 years,Women,2007-07-01,150000,Chennai
45 to 54 years,Women,2007-07-01,118000,Chennai
55 to 64 years,Women,2007-07-01,63000,UP
65 years and over,Women,2007-07-01,111000,Chennai
16 to 19 years,Men,2007-08-01,43000,Chennai
20 to 24 years,Men,2007-08-01,150000,MP
25 to 34 years,Men,2007-08-01,119000,Chennai
35 to 44 years,Men,2007-08-01,121000,Chennai
45 to 54 years,Men,2007-08-01,147000,Rajsthan
55 to 64 years,Men,2007-08-01,110000,Chennai
65 years and over,Men,2007-08-01,17000,Chennai
16 to 19 years,Women,2007-08-01,47000,Chennai
20 to 24 years,Women,2007-08-01,66000,Chennai
25 to 34 years,Women,2007-08-01,125000,Chennai
35 to 44 years,Women,2007-08-01,112000,Chennai
45 to 54 years,Women,2007-08-01,125000,Chennai
55 to 64 years,Women,2007-08-01,50000,Gujrat
65 years and over,Women,2007-08-01,84000,Gujrat
16 to 19 years,Men,2007-09-01,68000,Chennai
20 to 24 years,Men,2007-09-01,131000,Chennai
25 to 34 years,Men,2007-09-01,140000,Chennai
35 to 44 years,Men,2007-09-01,139000,Chennai
45 to 54 years,Men,2007-09-01,129000,Chennai
55 to 64 years,Men,2007-09-01,105000,Maharashtra
65 years and over,Men,2007-09-01,19000,Chennai
16 to 19 years,Women,2007-09-01,36000,Chennai
20 to 24 years,Women,2007-09-01,73000,Chennai
25 to 34 years,Women,2007-09-01,115000,Chennai
35 to 44 years,Women,2007-09-01,126000,Chennai
45 to 54 years,Women,2007-09-01,127000,Chennai
55 to 64 years,Women,2007-09-01,53000,Chennai
65 years and over,Women,2007-09-01,92000,Chennai
16 to 19 years,Men,2007-10-01,60000,Chennai
20 to 24 years,Men,2007-10-01,117000,Chennai
25 to 34 years,Men,2007-10-01,100000,Chennai
35 to 44 years,Men,2007-10-01,119000,Delhi
45 to 54 years,Men,2007-10-01,144000,Chennai
55 to 64 years,Men,2007-10-01,95000,Chennai
65 years and over,Men,2007-10-01,29000,Chennai
16 to 19 years,Women,2007-10-01,27000,Chennai
20 to 24 years,Women,2007-10-01,83000,Chennai
25 to 34 years,Women,2007-10-01,104000,Chennai
35 to 44 years,Women,2007-10-01,156000,Chennai
45 to 54 years,Women,2007-10-01,146000,Keral
55 to 64 years,Women,2007-10-01,85000,Keral
65 years and over,Women,2007-10-01,76000,Keral
16 to 19 years,Men,2007-11-01,65000,Keral
20 to 24 years,Men,2007-11-01,88000,Keral
25 to 34 years,Men,2007-11-01,149000,Keral
35 to 44 years,Men,2007-11-01,142000,Keral
45 to 54 years,Men,2007-11-01,128000,Keral
55 to 64 years,Men,2007-11-01,88000,Chennai
65 years and over,Men,2007-11-01,33000,Chennai
16 to 19 years,Women,2007-11-01,46000,Chennai
20 to 24 years,Women,2007-11-01,100000,Chennai
25 to 34 years,Women,2007-11-01,129000,Chennai
35 to 44 years,Women,2007-11-01,140000,Chennai
45 to 54 years,Women,2007-11-01,146000,Chennai
55 to 64 years,Women,2007-11-01,86000,Chennai
65 years and over,Women,2007-11-01,89000,Chennai
16 to 19 years,Men,2007-12-01,69000,Chennai
20 to 24 years,Men,2007-12-01,106000,MP
25 to 34 years,Men,2007-12-01,147000,MP
35 to 44 years,Men,2007-12-01,132000,MP
45 to 54 years,Men,2007-12-01,149000,MP
55 to 64 years,Men,2007-12-01,83000,MP
65 years and over,Men,2007-12-01,36000,MP
16 to 19 years,Women,2007-12-01,36000,MP
20 to 24 years,Women,2007-12-01,80000,MP
25 to 34 years,Women,2007-12-01,108000,MP
35 to 44 years,Women,2007-12-01,133000,MP
45 to 54 years,Women,2007-12-01,124000,MP
55 to 64 years,Women,2007-12-01,63000,MP
65 years and over,Women,2007-12-01,77000,MP
16 to 19 years,Men,2008-01-01,90000,MP
20 to 24 years,Men,2008-01-01,138000,MP
25 to 34 years,Men,2008-01-01,169000,MP
35 to 44 years,Men,2008-01-01,155000,MP
45 to 54 years,Men,2008-01-01,145000,MP
55 to 64 years,Men,2008-01-01,75000,MP
65 years and over,Men,2008-01-01,39000,MP
16 to 19 years,Women,2008-01-01,47000,MP
20 to 24 years,Women,2008-01-01,76000,MP
25 to 34 years,Women,2008-01-01,93000,MP
35 to 44 years,Women,2008-01-01,126000,MP
45 to 54 years,Women,2008-01-01,153000,MP
55 to 64 years,Women,2008-01-01,88000,MP
65 years and over,Women,2008-01-01,99000,MP
16 to 19 years,Men,2008-02-01,105000,MP
20 to 24 years,Men,2008-02-01,146000,MP
25 to 34 years,Men,2008-02-01,121000,Chennai
35 to 44 years,Men,2008-02-01,151000,Chennai
45 to 54 years,Men,2008-02-01,164000,Chennai
55 to 64 years,Men,2008-02-01,95000,Chennai
65 years and over,Men,2008-02-01,31000,Chennai
16 to 19 years,Women,2008-02-01,37000,Chennai
20 to 24 years,Women,2008-02-01,56000,Chennai
25 to 34 years,Women,2008-02-01,107000,Chennai
35 to 44 years,Women,2008-02-01,97000,Chennai
45 to 54 years,Women,2008-02-01,130000,Chennai
55 to 64 years,Women,2008-02-01,103000,Chennai
65 years and over,Women,2008-02-01,106000,Chennai
16 to 19 years,Men,2008-03-01,71000,Chennai
20 to 24 years,Men,2008-03-01,142000,Chennai
25 to 34 years,Men,2008-03-01,145000,Chennai
35 to 44 years,Men,2008-03-01,154000,Chennai
45 to 54 years,Men,2008-03-01,201000,Chennai
55 to 64 years,Men,2008-03-01,78000,Chennai
65 years and over,Men,2008-03-01,34000,Chennai
16 to 19 years,Women,2008-03-01,51000,Chennai
20 to 24 years,Women,2008-03-01,52000,Chennai
25 to 34 years,Women,2008-03-01,124000,Chennai
35 to 44 years,Women,2008-03-01,101000,Chennai
45 to 54 years,Women,2008-03-01,113000,Chennai
55 to 64 years,Women,2008-03-01,75000,Chennai
65 years and over,Women,2008-03-01,101000,Chennai
16 to 19 years,Men,2008-04-01,95000,Chennai
20 to 24 years,Men,2008-04-01,154000,Chennai
25 to 34 years,Men,2008-04-01,165000,Chennai
35 to 44 years,Men,2008-04-01,175000,Chennai
45 to 54 years,Men,2008-04-01,203000,Chennai
55 to 64 years,Men,2008-04-01,67000,Chennai
65 years and over,Men,2008-04-01,33000,Chennai
16 to 19 years,Women,2008-04-01,50000,Chennai
20 to 24 years,Women,2008-04-01,44000,Chennai
25 to 34 years,Women,2008-04-01,137000,Chennai
35 to 44 years,Women,2008-04-01,85000,Chennai
45 to 54 years,Women,2008-04-01,154000,Chennai
55 to 64 years,Women,2008-04-01,72000,Chennai
65 years and over,Women,2008-04-01,98000,Chennai
16 to 19 years,Men,2008-05-01,91000,Chennai
20 to 24 years,Men,2008-05-01,174000,Chennai
25 to 34 years,Men,2008-05-01,180000,Chennai
35 to 44 years,Men,2008-05-01,143000,Chennai
45 to 54 years,Men,2008-05-01,183000,Chennai
55 to 64 years,Men,2008-05-01,94000,Chennai
65 years and over,Men,2008-05-01,27000,Chennai
16 to 19 years,Women,2008-05-01,69000,Chennai
20 to 24 years,Women,2008-05-01,61000,Chennai
25 to 34 years,Women,2008-05-01,148000,Chennai
35 to 44 years,Women,2008-05-01,118000,Chennai
45 to 54 years,Women,2008-05-01,183000,Chennai
55 to 64 years,Women,2008-05-01,76000,Chennai
65 years and over,Women,2008-05-01,67000,Chennai
16 to 19 years,Men,2008-06-01,80000,Chennai
20 to 24 years,Men,2008-06-01,160000,Chennai
25 to 34 years,Men,2008-06-01,210000,Chennai
35 to 44 years,Men,2008-06-01,158000,Chennai
45 to 54 years,Men,2008-06-01,173000,Chennai
55 to 64 years,Men,2008-06-01,99000,Chennai
65 years and over,Men,2008-06-01,25000,Chennai
16 to 19 years,Women,2008-06-01,51000,Chennai
20 to 24 years,Women,2008-06-01,71000,Goa
25 to 34 years,Women,2008-06-01,132000,Chennai
35 to 44 years,Women,2008-06-01,118000,Chennai
45 to 54 years,Women,2008-06-01,168000,Chennai
55 to 64 years,Women,2008-06-01,66000,Chennai
65 years and over,Women,2008-06-01,99000,Chennai
16 to 19 years,Men,2008-07-01,74000,Chennai
20 to 24 years,Men,2008-07-01,151000,Chennai
25 to 34 years,Men,2008-07-01,193000,Chennai
35 to 44 years,Men,2008-07-01,201000,Chennai
45 to 54 years,Men,2008-07-01,196000,Chennai
55 to 64 years,Men,2008-07-01,70000,Chennai
65 years and over,Men,2008-07-01,37000,Goa
16 to 19 years,Women,2008-07-01,48000,Chennai
20 to 24 years,Women,2008-07-01,85000,Chennai
25 to 34 years,Women,2008-07-01,163000,Chennai
35 to 44 years,Women,2008-07-01,147000,Chennai
45 to 54 years,Women,2008-07-01,197000,Chennai
55 to 64 years,Women,2008-07-01,78000,Chennai
65 years and over,Women,2008-07-01,133000,Chennai
16 to 19 years,Men,2008-08-01,78000,Chennai
20 to 24 years,Men,2008-08-01,138000,Chennai
25 to 34 years,Men,2008-08-01,222000,Chennai
35 to 44 years,Men,2008-08-01,208000,Chennai
45 to 54 years,Men,2008-08-01,206000,Chennai
55 to 64 years,Men,2008-08-01,103000,Chennai
65 years and over,Men,2008-08-01,50000,Chennai
16 to 19 years,Women,2008-08-01,62000,Chennai
20 to 24 years,Women,2008-08-01,101000,Chennai
25 to 34 years,Women,2008-08-01,204000,Chennai
35 to 44 years,Women,2008-08-01,166000,Chennai
45 to 54 years,Women,2008-08-01,209000,Chennai
55 to 64 years,Women,2008-08-01,99000,Chennai
65 years and over,Women,2008-08-01,149000,Chennai
16 to 19 years,Men,2008-09-01,75000,Goa
20 to 24 years,Men,2008-09-01,169000,Goa
25 to 34 years,Men,2008-09-01,249000,Goa
35 to 44 years,Men,2008-09-01,235000,Goa
45 to 54 years,Men,2008-09-01,212000,Goa
55 to 64 years,Men,2008-09-01,126000,Goa
65 years and over,Men,2008-09-01,46000,Goa
16 to 19 years,Women,2008-09-01,69000,Goa
20 to 24 years,Women,2008-09-01,141000,Goa
25 to 34 years,Women,2008-09-01,177000,Goa
35 to 44 years,Women,2008-09-01,146000,Goa
45 to 54 years,Women,2008-09-01,231000,Goa
55 to 64 years,Women,2008-09-01,112000,Goa
65 years and over,Women,2008-09-01,125000,Goa
16 to 19 years,Men,2008-10-01,114000,Goa
20 to 24 years,Men,2008-10-01,176000,Goa
25 to 34 years,Men,2008-10-01,281000,Goa
35 to 44 years,Men,2008-10-01,250000,Goa
45 to 54 years,Men,2008-10-01,217000,Goa
55 to 64 years,Men,2008-10-01,158000,Goa
65 years and over,Men,2008-10-01,45000,Goa
16 to 19 years,Women,2008-10-01,48000,Goa
20 to 24 years,Women,2008-10-01,104000,Goa
25 to 34 years,Women,2008-10-01,222000,Goa
35 to 44 years,Women,2008-10-01,192000,Goa
45 to 54 years,Women,2008-10-01,243000,Goa
55 to 64 years,Women,2008-10-01,132000,Goa
65 years and over,Women,2008-10-01,146000,Goa
16 to 19 years,Men,2008-11-01,106000,Goa
20 to 24 years,Men,2008-11-01,152000,Goa
25 to 34 years,Men,2008-11-01,316000,Goa
35 to 44 years,Men,2008-11-01,206000,Goa
45 to 54 years,Men,2008-11-01,253000,Goa
55 to 64 years,Men,2008-11-01,171000,UP
65 years and over,Men,2008-11-01,57000,Goa
16 to 19 years,Women,2008-11-01,53000,Goa
20 to 24 years,Women,2008-11-01,106000,Goa
25 to 34 years,Women,2008-11-01,202000,Goa
35 to 44 years,Women,2008-11-01,203000,Goa
45 to 54 years,Women,2008-11-01,189000,Goa
55 to 64 years,Women,2008-11-01,156000,Goa
65 years and over,Women,2008-11-01,95000,Goa
16 to 19 years,Men,2008-12-01,109000,Goa
20 to 24 years,Men,2008-12-01,216000,Goa
25 to 34 years,Men,2008-12-01,323000,Goa
35 to 44 years,Men,2008-12-01,253000,Goa
45 to 54 years,Men,2008-12-01,318000,Goa
55 to 64 years,Men,2008-12-01,173000,Maharashtra
65 years and over,Men,2008-12-01,66000,Goa
16 to 19 years,Women,2008-12-01,83000,Goa
20 to 24 years,Women,2008-12-01,132000,Goa
25 to 34 years,Women,2008-12-01,165000,Goa
35 to 44 years,Women,2008-12-01,222000,Goa
45 to 54 years,Women,2008-12-01,246000,Goa
55 to 64 years,Women,2008-12-01,174000,Goa
65 years and over,Women,2008-12-01,109000,Goa
16 to 19 years,Men,2009-01-01,135000,Goa
20 to 24 years,Men,2009-01-01,234000,Goa
25 to 34 years,Men,2009-01-01,331000,Goa
35 to 44 years,Men,2009-01-01,279000,Goa
45 to 54 years,Men,2009-01-01,372000,Goa
55 to 64 years,Men,2009-01-01,179000,Goa
65 years and over,Men,2009-01-01,78000,Goa
16 to 19 years,Women,2009-01-01,86000,Goa
20 to 24 years,Women,2009-01-01,123000,MAharashtra
25 to 34 years,Women,2009-01-01,209000,Goa
35 to 44 years,Women,2009-01-01,272000,Goa
45 to 54 years,Women,2009-01-01,223000,Goa
55 to 64 years,Women,2009-01-01,186000,Goa
65 years and over,Women,2009-01-01,146000,Goa
16 to 19 years,Men,2009-02-01,198000,Goa
20 to 24 years,Men,2009-02-01,258000,Goa
25 to 34 years,Men,2009-02-01,363000,Goa
35 to 44 years,Men,2009-02-01,311000,Goa
45 to 54 years,Men,2009-02-01,438000,Goa
55 to 64 years,Men,2009-02-01,196000,Goa
65 years and over,Men,2009-02-01,100000,Goa
16 to 19 years,Women,2009-02-01,85000,Goa
20 to 24 years,Women,2009-02-01,178000,Goa
25 to 34 years,Women,2009-02-01,209000,Goa
35 to 44 years,Women,2009-02-01,293000,Goa
45 to 54 years,Women,2009-02-01,241000,UP
55 to 64 years,Women,2009-02-01,149000,MP
65 years and over,Women,2009-02-01,167000,UP
16 to 19 years,Men,2009-03-01,152000,MP
20 to 24 years,Men,2009-03-01,288000,UP
25 to 34 years,Men,2009-03-01,406000,UP
35 to 44 years,Men,2009-03-01,399000,Goa
45 to 54 years,Men,2009-03-01,461000,Goa
55 to 64 years,Men,2009-03-01,239000,Goa
65 years and over,Men,2009-03-01,80000,Goa
16 to 19 years,Women,2009-03-01,112000,UP
20 to 24 years,Women,2009-03-01,169000,Goa
25 to 34 years,Women,2009-03-01,242000,Goa
35 to 44 years,Women,2009-03-01,279000,Goa
45 to 54 years,Women,2009-03-01,282000,Goa
55 to 64 years,Women,2009-03-01,180000,Mumbai
65 years and over,Women,2009-03-01,160000,Goa
16 to 19 years,Men,2009-04-01,213000,Goa
20 to 24 years,Men,2009-04-01,366000,Goa
25 to 34 years,Men,2009-04-01,506000,Goa
35 to 44 years,Men,2009-04-01,485000,Goa
45 to 54 years,Men,2009-04-01,489000,Goa
55 to 64 years,Men,2009-04-01,269000,Goa
65 years and over,Men,2009-04-01,79000,Goa
16 to 19 years,Women,2009-04-01,121000,Goa
20 to 24 years,Women,2009-04-01,167000,Goa
25 to 34 years,Women,2009-04-01,318000,Goa
35 to 44 years,Women,2009-04-01,302000,Goa
45 to 54 years,Women,2009-04-01,325000,Goa
55 to 64 years,Women,2009-04-01,205000,Goa
65 years and over,Women,2009-04-01,145000,Goa
16 to 19 years,Men,2009-05-01,174000,Goa
20 to 24 years,Men,2009-05-01,366000,Goa
25 to 34 years,Men,2009-05-01,537000,Goa
35 to 44 years,Men,2009-05-01,450000,Delhi
45 to 54 years,Men,2009-05-01,479000,Goa
55 to 64 years,Men,2009-05-01,282000,Goa
65 years and over,Men,2009-05-01,87000,Goa
16 to 19 years,Women,2009-05-01,102000,Goa
20 to 24 years,Women,2009-05-01,212000,Goa
25 to 34 years,Women,2009-05-01,377000,Goa
35 to 44 years,Women,2009-05-01,297000,Goa
45 to 54 years,Women,2009-05-01,327000,Goa
55 to 64 years,Women,2009-05-01,214000,Goa
65 years and over,Women,2009-05-01,171000,Goa
16 to 19 years,Men,2009-06-01,207000,Goa
20 to 24 years,Men,2009-06-01,300000,Goa
25 to 34 years,Men,2009-06-01,553000,Goa
35 to 44 years,Men,2009-06-01,495000,Goa
45 to 54 years,Men,2009-06-01,488000,Goa
55 to 64 years,Men,2009-06-01,361000,Goa
65 years and over,Men,2009-06-01,107000,Goa
16 to 19 years,Women,2009-06-01,118000,Goa
20 to 24 years,Women,2009-06-01,212000,Goa
25 to 34 years,Women,2009-06-01,382000,Goa
35 to 44 years,Women,2009-06-01,355000,Goa
45 to 54 years,Women,2009-06-01,354000,Goa
55 to 64 years,Women,2009-06-01,231000,Goa
65 years and over,Women,2009-06-01,197000,Goa
16 to 19 years,Men,2009-07-01,192000,Goa
20 to 24 years,Men,2009-07-01,416000,Goa
25 to 34 years,Men,2009-07-01,730000,Mp
35 to 44 years,Men,2009-07-01,551000,Goa
45 to 54 years,Men,2009-07-01,552000,Goa
55 to 64 years,Men,2009-07-01,378000,Goa
65 years and over,Men,2009-07-01,109000,Goa
16 to 19 years,Women,2009-07-01,126000,Goa
20 to 24 years,Women,2009-07-01,277000,Goa
25 to 34 years,Women,2009-07-01,480000,Goa
35 to 44 years,Women,2009-07-01,409000,Goa
45 to 54 years,Women,2009-07-01,393000,Goa
55 to 64 years,Women,2009-07-01,261000,MP
65 years and over,Women,2009-07-01,210000,Goa
16 to 19 years,Men,2009-08-01,180000,Goa
20 to 24 years,Men,2009-08-01,360000,Goa
25 to 34 years,Men,2009-08-01,734000,Goa
35 to 44 years,Men,2009-08-01,574000,Goa
45 to 54 years,Men,2009-08-01,626000,Goa
55 to 64 years,Men,2009-08-01,379000,Goa
65 years and over,Men,2009-08-01,105000,Goa
16 to 19 years,Women,2009-08-01,94000,Goa
20 to 24 years,Women,2009-08-01,242000,Goa
25 to 34 years,Women,2009-08-01,492000,Goa
35 to 44 years,Women,2009-08-01,430000,Goa
45 to 54 years,Women,2009-08-01,464000,Goa
55 to 64 years,Women,2009-08-01,294000,Goa
65 years and over,Women,2009-08-01,196000,Goa
16 to 19 years,Men,2009-09-01,165000,Goa
20 to 24 years,Men,2009-09-01,395000,Goa
25 to 34 years,Men,2009-09-01,764000,Goa
35 to 44 years,Men,2009-09-01,635000,Goa
45 to 54 years,Men,2009-09-01,698000,Mumbai
55 to 64 years,Men,2009-09-01,376000,Mumbai
65 years and over,Men,2009-09-01,119000,Mumbai
16 to 19 years,Women,2009-09-01,99000,Mumbai
20 to 24 years,Women,2009-09-01,306000,Mumbai
25 to 34 years,Women,2009-09-01,510000,Mumbai
35 to 44 years,Women,2009-09-01,508000,Mumbai
45 to 54 years,Women,2009-09-01,498000,Mumbai
55 to 64 years,Women,2009-09-01,286000,Mumbai
65 years and over,Women,2009-09-01,210000,Mumbai
16 to 19 years,Men,2009-10-01,229000,Mumbai
20 to 24 years,Men,2009-10-01,400000,Mumbai
25 to 34 years,Men,2009-10-01,738000,Goa
35 to 44 years,Men,2009-10-01,647000,Goa
45 to 54 years,Men,2009-10-01,730000,Goa
55 to 64 years,Men,2009-10-01,390000,Goa
65 years and over,Men,2009-10-01,102000,Goa
16 to 19 years,Women,2009-10-01,118000,Goa
20 to 24 years,Women,2009-10-01,245000,Goa
25 to 34 years,Women,2009-10-01,550000,Goa
35 to 44 years,Women,2009-10-01,474000,Goa
45 to 54 years,Women,2009-10-01,510000,Goa
55 to 64 years,Women,2009-10-01,309000,Goa
65 years and over,Women,2009-10-01,188000,Goa
16 to 19 years,Men,2009-11-01,228000,Goa
20 to 24 years,Men,2009-11-01,425000,Goa
25 to 34 years,Men,2009-11-01,787000,Goa
35 to 44 years,Men,2009-11-01,668000,Goa
45 to 54 years,Men,2009-11-01,816000,Goa
55 to 64 years,Men,2009-11-01,468000,Goa
65 years and over,Men,2009-11-01,115000,Goa
16 to 19 years,Women,2009-11-01,113000,Goa
20 to 24 years,Women,2009-11-01,297000,Goa
25 to 34 years,Women,2009-11-01,481000,Goa
35 to 44 years,Women,2009-11-01,497000,Goa
45 to 54 years,Women,2009-11-01,513000,Goa
55 to 64 years,Women,2009-11-01,347000,Goa
65 years and over,Women,2009-11-01,184000,Goa
16 to 19 years,Men,2009-12-01,237000,Goa
20 to 24 years,Men,2009-12-01,428000,Goa
25 to 34 years,Men,2009-12-01,810000,Goa
35 to 44 years,Men,2009-12-01,699000,Goa
45 to 54 years,Men,2009-12-01,848000,Goa
55 to 64 years,Men,2009-12-01,471000,Goa
65 years and over,Men,2009-12-01,123000,Goa
16 to 19 years,Women,2009-12-01,136000,Goa
20 to 24 years,Women,2009-12-01,230000,Goa
25 to 34 years,Women,2009-12-01,463000,Goa
35 to 44 years,Women,2009-12-01,492000,Goa
45 to 54 years,Women,2009-12-01,535000,Goa
55 to 64 years,Women,2009-12-01,335000,Goa
65 years and over,Women,2009-12-01,186000,Goa
16 to 19 years,Men,2010-01-01,227000,Goa
20 to 24 years,Men,2010-01-01,542000,Goa
25 to 34 years,Men,2010-01-01,913000,Goa
35 to 44 years,Men,2010-01-01,733000,Delhi
45 to 54 years,Men,2010-01-01,897000,Delhi
55 to 64 years,Men,2010-01-01,549000,Delhi
65 years and over,Men,2010-01-01,136000,Delhi
16 to 19 years,Women,2010-01-01,134000,Delhi
20 to 24 years,Women,2010-01-01,244000,Delhi
25 to 34 years,Women,2010-01-01,535000,Delhi
35 to 44 years,Women,2010-01-01,483000,Delhi
45 to 54 years,Women,2010-01-01,588000,Delhi
55 to 64 years,Women,2010-01-01,347000,Delhi
65 years and over,Women,2010-01-01,195000,Delhi
16 to 19 years,Men,2010-02-01,228000,Goa
20 to 24 years,Men,2010-02-01,516000,Goa
25 to 34 years,Men,2010-02-01,951000,Goa
35 to 44 years,Men,2010-02-01,828000,Goa
45 to 54 years,Men,2010-02-01,821000,Goa
55 to 64 years,Men,2010-02-01,546000,Goa
65 years and over,Men,2010-02-01,144000,Goa
16 to 19 years,Women,2010-02-01,132000,Goa
20 to 24 years,Women,2010-02-01,231000,Goa
25 to 34 years,Women,2010-02-01,455000,Goa
35 to 44 years,Women,2010-02-01,471000,Goa
45 to 54 years,Women,2010-02-01,544000,Goa
55 to 64 years,Women,2010-02-01,344000,Goa
65 years and over,Women,2010-02-01,228000,Goa
16 to 19 years,Men,2010-03-01,286000,Goa
20 to 24 years,Men,2010-03-01,564000,Goa
25 to 34 years,Men,2010-03-01,999000,Goa
35 to 44 years,Men,2010-03-01,757000,Goa
45 to 54 years,Men,2010-03-01,927000,Goa
55 to 64 years,Men,2010-03-01,536000,Goa
65 years and over,Men,2010-03-01,132000,Goa
16 to 19 years,Women,2010-03-01,152000,Goa
20 to 24 years,Women,2010-03-01,245000,Goa
25 to 34 years,Women,2010-03-01,522000,Goa
35 to 44 years,Women,2010-03-01,565000,Goa
45 to 54 years,Women,2010-03-01,605000,Goa
55 to 64 years,Women,2010-03-01,323000,Goa
65 years and over,Women,2010-03-01,191000,Goa
16 to 19 years,Men,2010-04-01,296000,Goa
20 to 24 years,Men,2010-04-01,653000,Goa
25 to 34 years,Men,2010-04-01,956000,Goa
35 to 44 years,Men,2010-04-01,807000,Goa
45 to 54 years,Men,2010-04-01,931000,Goa
55 to 64 years,Men,2010-04-01,544000,Goa
65 years and over,Men,2010-04-01,151000,Goa
16 to 19 years,Women,2010-04-01,118000,Goa
20 to 24 years,Women,2010-04-01,314000,Goa
25 to 34 years,Women,2010-04-01,608000,Goa
35 to 44 years,Women,2010-04-01,578000,Goa
45 to 54 years,Women,2010-04-01,623000,Goa
55 to 64 years,Women,2010-04-01,364000,Goa
65 years and over,Women,2010-04-01,156000,Goa
16 to 19 years,Men,2010-05-01,240000,Goa
20 to 24 years,Men,2010-05-01,493000,Goa
25 to 34 years,Men,2010-05-01,1011000,Goa
35 to 44 years,Men,2010-05-01,704000,Goa
45 to 54 years,Men,2010-05-01,827000,Goa
55 to 64 years,Men,2010-05-01,553000,Goa
65 years and over,Men,2010-05-01,144000,Goa
16 to 19 years,Women,2010-05-01,159000,Goa
20 to 24 years,Women,2010-05-01,293000,Goa
25 to 34 years,Women,2010-05-01,631000,Goa
35 to 44 years,Women,2010-05-01,550000,Rajsthan
45 to 54 years,Women,2010-05-01,546000,Rajsthan
55 to 64 years,Women,2010-05-01,403000,Rajsthan
65 years and over,Women,2010-05-01,172000,Rajsthan
16 to 19 years,Men,2010-06-01,280000,Rajsthan
20 to 24 years,Men,2010-06-01,516000,Rajsthan
25 to 34 years,Men,2010-06-01,931000,Rajsthan
35 to 44 years,Men,2010-06-01,699000,Rajsthan
45 to 54 years,Men,2010-06-01,862000,Rajsthan
55 to 64 years,Men,2010-06-01,485000,Rajsthan
65 years and over,Men,2010-06-01,115000,Rajsthan
16 to 19 years,Women,2010-06-01,117000,Rajsthan
20 to 24 years,Women,2010-06-01,301000,Rajsthan
25 to 34 years,Women,2010-06-01,578000,Rajsthan
35 to 44 years,Women,2010-06-01,538000,Rajsthan
45 to 54 years,Women,2010-06-01,528000,Rajsthan
55 to 64 years,Women,2010-06-01,399000,Rajsthan
65 years and over,Women,2010-06-01,161000,Rajsthan
16 to 19 years,Men,2010-07-01,238000,Rajsthan
20 to 24 years,Men,2010-07-01,566000,Rajsthan
25 to 34 years,Men,2010-07-01,814000,Rajsthan
35 to 44 years,Men,2010-07-01,635000,Rajsthan
45 to 54 years,Men,2010-07-01,848000,Rajsthan
55 to 64 years,Men,2010-07-01,526000,Rajsthan
65 years and over,Men,2010-07-01,135000,Rajsthan
16 to 19 years,Women,2010-07-01,152000,Rajsthan
20 to 24 years,Women,2010-07-01,359000,Rajsthan
25 to 34 years,Women,2010-07-01,630000,Rajsthan
35 to 44 years,Women,2010-07-01,568000,Rajsthan
45 to 54 years,Women,2010-07-01,575000,Rajsthan
55 to 64 years,Women,2010-07-01,390000,Rajsthan
65 years and over,Women,2010-07-01,213000,Rajsthan
16 to 19 years,Men,2010-08-01,197000,Rajsthan
20 to 24 years,Men,2010-08-01,505000,Rajsthan
25 to 34 years,Men,2010-08-01,789000,Rajsthan
35 to 44 years,Men,2010-08-01,707000,Rajsthan
45 to 54 years,Men,2010-08-01,833000,Rajsthan
55 to 64 years,Men,2010-08-01,516000,Rajsthan
65 years and over,Men,2010-08-01,134000,Rajsthan
16 to 19 years,Women,2010-08-01,126000,Rajsthan
20 to 24 years,Women,2010-08-01,273000,Rajsthan
25 to 34 years,Women,2010-08-01,579000,Rajsthan
35 to 44 years,Women,2010-08-01,547000,Rajsthan
45 to 54 years,Women,2010-08-01,598000,Rajsthan
55 to 64 years,Women,2010-08-01,385000,Rajsthan
65 years and over,Women,2010-08-01,197000,Rajsthan
16 to 19 years,Men,2010-09-01,158000,Rajsthan
20 to 24 years,Men,2010-09-01,414000,Rajsthan
25 to 34 years,Men,2010-09-01,815000,Rajsthan
35 to 44 years,Men,2010-09-01,743000,Rajsthan
45 to 54 years,Men,2010-09-01,808000,Rajsthan
55 to 64 years,Men,2010-09-01,489000,Rajsthan
65 years and over,Men,2010-09-01,134000,Rajsthan
16 to 19 years,Women,2010-09-01,93000,Rajsthan
20 to 24 years,Women,2010-09-01,252000,Rajsthan
25 to 34 years,Women,2010-09-01,615000,Rajsthan
35 to 44 years,Women,2010-09-01,546000,Rajsthan
45 to 54 years,Women,2010-09-01,538000,Rajsthan
55 to 64 years,Women,2010-09-01,408000,Rajsthan
65 years and over,Women,2010-09-01,192000,Rajsthan
16 to 19 years,Men,2010-10-01,162000,Rajsthan
20 to 24 years,Men,2010-10-01,457000,Rajsthan
25 to 34 years,Men,2010-10-01,718000,Rajsthan
35 to 44 years,Men,2010-10-01,698000,Rajsthan
45 to 54 years,Men,2010-10-01,811000,Rajsthan
55 to 64 years,Men,2010-10-01,530000,Rajsthan
65 years and over,Men,2010-10-01,141000,Rajsthan
16 to 19 years,Women,2010-10-01,144000,Gujrat
20 to 24 years,Women,2010-10-01,315000,Gujrat
25 to 34 years,Women,2010-10-01,601000,Gujrat
35 to 44 years,Women,2010-10-01,485000,Gujrat
45 to 54 years,Women,2010-10-01,571000,Gujrat
55 to 64 years,Women,2010-10-01,374000,Gujrat
65 years and over,Women,2010-10-01,158000,Gujrat
16 to 19 years,Men,2010-11-01,149000,Gujrat
20 to 24 years,Men,2010-11-01,440000,Gujrat
25 to 34 years,Men,2010-11-01,739000,Gujrat
35 to 44 years,Men,2010-11-01,699000,Rajsthan
45 to 54 years,Men,2010-11-01,879000,Rajsthan
55 to 64 years,Men,2010-11-01,539000,Rajsthan
65 years and over,Men,2010-11-01,173000,Rajsthan
16 to 19 years,Women,2010-11-01,105000,Rajsthan
20 to 24 years,Women,2010-11-01,306000,Rajsthan
25 to 34 years,Women,2010-11-01,578000,Rajsthan
35 to 44 years,Women,2010-11-01,529000,Rajsthan
45 to 54 years,Women,2010-11-01,621000,Rajsthan
55 to 64 years,Women,2010-11-01,394000,Rajsthan
65 years and over,Women,2010-11-01,205000,Rajsthan
16 to 19 years,Men,2010-12-01,149000,Rajsthan
20 to 24 years,Men,2010-12-01,456000,Rajsthan
25 to 34 years,Men,2010-12-01,750000,Rajsthan
35 to 44 years,Men,2010-12-01,693000,Rajsthan
45 to 54 years,Men,2010-12-01,877000,Rajsthan
55 to 64 years,Men,2010-12-01,476000,Rajsthan
65 years and over,Men,2010-12-01,157000,Rajsthan
16 to 19 years,Women,2010-12-01,143000,Rajsthan
20 to 24 years,Women,2010-12-01,297000,Rajsthan
25 to 34 years,Women,2010-12-01,576000,Rajsthan
35 to 44 years,Women,2010-12-01,557000,Rajsthan
45 to 54 years,Women,2010-12-01,577000,Rajsthan
55 to 64 years,Women,2010-12-01,378000,Rajsthan
65 years and over,Women,2010-12-01,182000,Punjab
16 to 19 years,Men,2011-01-01,204000,Punjab
20 to 24 years,Men,2011-01-01,507000,Punjab
25 to 34 years,Men,2011-01-01,803000,Punjab
35 to 44 years,Men,2011-01-01,704000,Punjab
45 to 54 years,Men,2011-01-01,788000,Punjab
55 to 64 years,Men,2011-01-01,509000,Punjab
65 years and over,Men,2011-01-01,152000,Punjab
16 to 19 years,Women,2011-01-01,148000,Punjab
20 to 24 years,Women,2011-01-01,348000,Punjab
25 to 34 years,Women,2011-01-01,525000,Punjab
35 to 44 years,Women,2011-01-01,530000,Punjab
45 to 54 years,Women,2011-01-01,630000,Punjab
55 to 64 years,Women,2011-01-01,355000,Punjab
65 years and over,Women,2011-01-01,205000,Punjab
16 to 19 years,Men,2011-02-01,196000,Punjab
20 to 24 years,Men,2011-02-01,460000,Punjab
25 to 34 years,Men,2011-02-01,812000,Punjab
35 to 44 years,Men,2011-02-01,648000,Punjab
45 to 54 years,Men,2011-02-01,752000,Punjab
55 to 64 years,Men,2011-02-01,503000,Punjab
65 years and over,Men,2011-02-01,145000,Punjab
16 to 19 years,Women,2011-02-01,99000,Punjab
20 to 24 years,Women,2011-02-01,371000,Punjab
25 to 34 years,Women,2011-02-01,542000,Punjab
35 to 44 years,Women,2011-02-01,520000,Punjab
45 to 54 years,Women,2011-02-01,608000,Punjab
55 to 64 years,Women,2011-02-01,318000,Punjab
65 years and over,Women,2011-02-01,190000,Punjab
16 to 19 years,Men,2011-03-01,205000,Punjab
20 to 24 years,Men,2011-03-01,510000,Punjab
25 to 34 years,Men,2011-03-01,849000,Punjab
35 to 44 years,Men,2011-03-01,709000,Punjab
45 to 54 years,Men,2011-03-01,784000,Punjab
55 to 64 years,Men,2011-03-01,533000,Punjab
65 years and over,Men,2011-03-01,140000,Punjab
16 to 19 years,Women,2011-03-01,134000,Punjab
20 to 24 years,Women,2011-03-01,329000,Punjab
25 to 34 years,Women,2011-03-01,514000,Punjab
35 to 44 years,Women,2011-03-01,514000,Punjab
45 to 54 years,Women,2011-03-01,589000,Punjab
55 to 64 years,Women,2011-03-01,362000,Punjab
65 years and over,Women,2011-03-01,175000,Punjab
16 to 19 years,Men,2011-04-01,241000,Punjab
20 to 24 years,Men,2011-04-01,481000,Punjab
25 to 34 years,Men,2011-04-01,866000,Punjab
35 to 44 years,Men,2011-04-01,641000,Punjab
45 to 54 years,Men,2011-04-01,710000,Punjab
55 to 64 years,Men,2011-04-01,491000,Punjab
65 years and over,Men,2011-04-01,137000,Punjab
16 to 19 years,Women,2011-04-01,115000,Punjab
20 to 24 years,Women,2011-04-01,324000,Punjab
25 to 34 years,Women,2011-04-01,571000,Punjab
35 to 44 years,Women,2011-04-01,505000,UP
45 to 54 years,Women,2011-04-01,578000,Punjab
55 to 64 years,Women,2011-04-01,355000,Punjab
65 years and over,Women,2011-04-01,161000,Punjab
16 to 19 years,Men,2011-05-01,196000,Punjab
20 to 24 years,Men,2011-05-01,455000,Punjab
25 to 34 years,Men,2011-05-01,857000,Punjab
35 to 44 years,Men,2011-05-01,602000,Punjab
45 to 54 years,Men,2011-05-01,779000,Punjab
55 to 64 years,Men,2011-05-01,496000,Punjab
65 years and over,Men,2011-05-01,148000,Punjab
16 to 19 years,Women,2011-05-01,162000,Punjab
20 to 24 years,Women,2011-05-01,354000,Punjab
25 to 34 years,Women,2011-05-01,559000,Punjab
35 to 44 years,Women,2011-05-01,485000,Punjab
45 to 54 years,Women,2011-05-01,588000,Punjab
55 to 64 years,Women,2011-05-01,382000,Punjab
65 years and over,Women,2011-05-01,184000,Punjab
16 to 19 years,Men,2011-06-01,180000,Punjab
20 to 24 years,Men,2011-06-01,451000,Punjab
25 to 34 years,Men,2011-06-01,749000,Punjab
35 to 44 years,Men,2011-06-01,693000,Punjab
45 to 54 years,Men,2011-06-01,685000,Punjab
55 to 64 years,Men,2011-06-01,505000,Punjab
65 years and over,Men,2011-06-01,148000,Punjab
16 to 19 years,Women,2011-06-01,151000,Punjab
20 to 24 years,Women,2011-06-01,297000,Punjab
25 to 34 years,Women,2011-06-01,599000,Punjab
35 to 44 years,Women,2011-06-01,528000,Punjab
45 to 54 years,Women,2011-06-01,596000,Punjab
55 to 64 years,Women,2011-06-01,388000,Punjab
65 years and over,Women,2011-06-01,166000,Punjab
16 to 19 years,Men,2011-07-01,164000,Punjab
20 to 24 years,Men,2011-07-01,423000,Punjab
25 to 34 years,Men,2011-07-01,761000,Punjab
35 to 44 years,Men,2011-07-01,600000,Punjab
45 to 54 years,Men,2011-07-01,757000,Punjab
55 to 64 years,Men,2011-07-01,524000,Punjab
65 years and over,Men,2011-07-01,159000,Punjab
16 to 19 years,Women,2011-07-01,171000,Punjab
20 to 24 years,Women,2011-07-01,312000,Punjab
25 to 34 years,Women,2011-07-01,688000,Punjab
35 to 44 years,Women,2011-07-01,543000,Punjab
45 to 54 years,Women,2011-07-01,596000,Punjab
55 to 64 years,Women,2011-07-01,403000,Punjab
65 years and over,Women,2011-07-01,219000,Punjab
16 to 19 years,Men,2011-08-01,163000,Punjab
20 to 24 years,Men,2011-08-01,418000,Punjab
25 to 34 years,Men,2011-08-01,682000,Punjab
35 to 44 years,Men,2011-08-01,665000,Punjab
45 to 54 years,Men,2011-08-01,670000,Punjab
55 to 64 years,Men,2011-08-01,468000,Punjab
65 years and over,Men,2011-08-01,153000,Punjab
16 to 19 years,Women,2011-08-01,195000,Punjab
20 to 24 years,Women,2011-08-01,281000,Punjab
25 to 34 years,Women,2011-08-01,645000,Punjab
35 to 44 years,Women,2011-08-01,541000,Punjab
45 to 54 years,Women,2011-08-01,624000,Punjab
55 to 64 years,Women,2011-08-01,422000,Punjab
65 years and over,Women,2011-08-01,227000,Punjab
16 to 19 years,Men,2011-09-01,134000,Punjab
20 to 24 years,Men,2011-09-01,443000,Punjab
25 to 34 years,Men,2011-09-01,727000,Punjab
35 to 44 years,Men,2011-09-01,649000,Punjab
45 to 54 years,Men,2011-09-01,717000,Punjab
55 to 64 years,Men,2011-09-01,495000,Punjab
65 years and over,Men,2011-09-01,168000,Punjab
16 to 19 years,Women,2011-09-01,157000,Punjab
20 to 24 years,Women,2011-09-01,322000,Punjab
25 to 34 years,Women,2011-09-01,713000,Punjab
35 to 44 years,Women,2011-09-01,503000,Punjab
45 to 54 years,Women,2011-09-01,626000,Punjab
55 to 64 years,Women,2011-09-01,445000,Punjab
65 years and over,Women,2011-09-01,224000,Punjab
16 to 19 years,Men,2011-10-01,146000,Punjab
20 to 24 years,Men,2011-10-01,392000,Punjab
25 to 34 years,Men,2011-10-01,682000,Punjab
35 to 44 years,Men,2011-10-01,597000,Punjab
45 to 54 years,Men,2011-10-01,668000,Punjab
55 to 64 years,Men,2011-10-01,492000,Punjab
65 years and over,Men,2011-10-01,157000,Punjab
16 to 19 years,Women,2011-10-01,113000,Punjab
20 to 24 years,Women,2011-10-01,329000,Punjab
25 to 34 years,Women,2011-10-01,670000,Punjab
35 to 44 years,Women,2011-10-01,436000,Punjab
45 to 54 years,Women,2011-10-01,550000,Punjab
55 to 64 years,Women,2011-10-01,416000,Punjab
65 years and over,Women,2011-10-01,263000,Punjab
16 to 19 years,Men,2011-11-01,189000,Punjab
20 to 24 years,Men,2011-11-01,462000,Punjab
25 to 34 years,Men,2011-11-01,649000,Punjab
35 to 44 years,Men,2011-11-01,560000,Punjab
45 to 54 years,Men,2011-11-01,631000,Mumbai
55 to 64 years,Men,2011-11-01,471000,Punjab
65 years and over,Men,2011-11-01,172000,Punjab
16 to 19 years,Women,2011-11-01,111000,Punjab
20 to 24 years,Women,2011-11-01,307000,Punjab
25 to 34 years,Women,2011-11-01,596000,Maharashtra
35 to 44 years,Women,2011-11-01,460000,Maharashtra
45 to 54 years,Women,2011-11-01,521000,Maharashtra
55 to 64 years,Women,2011-11-01,387000,Maharashtra
65 years and over,Women,2011-11-01,230000,Maharashtra
16 to 19 years,Men,2011-12-01,150000,Maharashtra
20 to 24 years,Men,2011-12-01,474000,Maharashtra
25 to 34 years,Men,2011-12-01,699000,Maharashtra
35 to 44 years,Men,2011-12-01,581000,Maharashtra
45 to 54 years,Men,2011-12-01,575000,Maharashtra
55 to 64 years,Men,2011-12-01,404000,Maharashtra
65 years and over,Men,2011-12-01,150000,Maharashtra
16 to 19 years,Women,2011-12-01,96000,Maharashtra
20 to 24 years,Women,2011-12-01,250000,Maharashtra
25 to 34 years,Women,2011-12-01,580000,Maharashtra
35 to 44 years,Women,2011-12-01,467000,Maharashtra
45 to 54 years,Women,2011-12-01,531000,Maharashtra
55 to 64 years,Women,2011-12-01,349000,Maharashtra
65 years and over,Women,2011-12-01,208000,Maharashtra
16 to 19 years,Men,2012-01-01,200000,Maharashtra
20 to 24 years,Men,2012-01-01,480000,Maharashtra
25 to 34 years,Men,2012-01-01,690000,Maharashtra
35 to 44 years,Men,2012-01-01,551000,Maharashtra
45 to 54 years,Men,2012-01-01,563000,Maharashtra
55 to 64 years,Men,2012-01-01,480000,Maharashtra
65 years and over,Men,2012-01-01,130000,Maharashtra
16 to 19 years,Women,2012-01-01,139000,Maharashtra
20 to 24 years,Women,2012-01-01,239000,Maharashtra
25 to 34 years,Women,2012-01-01,559000,Maharashtra
35 to 44 years,Women,2012-01-01,551000,Maharashtra
45 to 54 years,Women,2012-01-01,536000,Maharashtra
55 to 64 years,Women,2012-01-01,377000,Maharashtra
65 years and over,Women,2012-01-01,201000,Maharashtra
16 to 19 years,Men,2012-02-01,184000,Maharashtra
20 to 24 years,Men,2012-02-01,489000,Maharashtra
25 to 34 years,Men,2012-02-01,626000,Maharashtra
35 to 44 years,Men,2012-02-01,478000,Maharashtra
45 to 54 years,Men,2012-02-01,599000,Maharashtra
55 to 64 years,Men,2012-02-01,428000,Maharashtra
65 years and over,Men,2012-02-01,118000,Maharashtra
16 to 19 years,Women,2012-02-01,136000,Maharashtra
20 to 24 years,Women,2012-02-01,264000,Maharashtra
25 to 34 years,Women,2012-02-01,522000,Maharashtra
35 to 44 years,Women,2012-02-01,502000,Maharashtra
45 to 54 years,Women,2012-02-01,573000,Maharashtra
55 to 64 years,Women,2012-02-01,362000,Maharashtra
65 years and over,Women,2012-02-01,230000,Maharashtra
16 to 19 years,Men,2012-03-01,186000,Maharashtra
20 to 24 years,Men,2012-03-01,439000,Maharashtra
25 to 34 years,Men,2012-03-01,716000,Maharashtra
35 to 44 years,Men,2012-03-01,512000,Maharashtra
45 to 54 years,Men,2012-03-01,579000,Maharashtra
55 to 64 years,Men,2012-03-01,495000,Maharashtra
65 years and over,Men,2012-03-01,118000,Maharashtra
16 to 19 years,Women,2012-03-01,151000,Maharashtra
20 to 24 years,Women,2012-03-01,255000,Maharashtra
25 to 34 years,Women,2012-03-01,481000,Maharashtra
35 to 44 years,Women,2012-03-01,414000,Maharashtra
45 to 54 years,Women,2012-03-01,547000,Maharashtra
55 to 64 years,Women,2012-03-01,389000,Maharashtra
65 years and over,Women,2012-03-01,191000,Maharashtra
16 to 19 years,Men,2012-04-01,180000,Maharashtra
20 to 24 years,Men,2012-04-01,439000,Maharashtra
25 to 34 years,Men,2012-04-01,645000,Maharashtra
35 to 44 years,Men,2012-04-01,548000,Maharashtra
45 to 54 years,Men,2012-04-01,543000,Maharashtra
55 to 64 years,Men,2012-04-01,456000,Maharashtra
65 years and over,Men,2012-04-01,133000,Maharashtra
16 to 19 years,Women,2012-04-01,146000,Maharashtra
20 to 24 years,Women,2012-04-01,215000,Maharashtra
25 to 34 years,Women,2012-04-01,523000,Maharashtra
35 to 44 years,Women,2012-04-01,391000,Maharashtra
45 to 54 years,Women,2012-04-01,554000,Maharashtra
55 to 64 years,Women,2012-04-01,370000,Maharashtra
65 years and over,Women,2012-04-01,212000,Maharashtra
16 to 19 years,Men,2012-05-01,168000,Maharashtra
20 to 24 years,Men,2012-05-01,475000,Maharashtra
25 to 34 years,Men,2012-05-01,606000,Maharashtra
35 to 44 years,Men,2012-05-01,532000,Maharashtra
45 to 54 years,Men,2012-05-01,590000,Maharashtra
55 to 64 years,Men,2012-05-01,467000,Maharashtra
65 years and over,Men,2012-05-01,171000,Maharashtra
16 to 19 years,Women,2012-05-01,127000,Maharashtra
20 to 24 years,Women,2012-05-01,246000,Maharashtra
25 to 34 years,Women,2012-05-01,548000,Maharashtra
35 to 44 years,Women,2012-05-01,516000,Maharashtra
45 to 54 years,Women,2012-05-01,507000,Maharashtra
55 to 64 years,Women,2012-05-01,336000,Hariyana
65 years and over,Women,2012-05-01,228000,Maharashtra
16 to 19 years,Men,2012-06-01,159000,Maharashtra
20 to 24 years,Men,2012-06-01,446000,Maharashtra
25 to 34 years,Men,2012-06-01,581000,Maharashtra
35 to 44 years,Men,2012-06-01,531000,Maharashtra
45 to 54 years,Men,2012-06-01,586000,Maharashtra
55 to 64 years,Men,2012-06-01,410000,Maharashtra
65 years and over,Men,2012-06-01,184000,Maharashtra
16 to 19 years,Women,2012-06-01,118000,Maharashtra
20 to 24 years,Women,2012-06-01,239000,Maharashtra
25 to 34 years,Women,2012-06-01,553000,Maharashtra
35 to 44 years,Women,2012-06-01,490000,Maharashtra
45 to 54 years,Women,2012-06-01,489000,Maharashtra
55 to 64 years,Women,2012-06-01,308000,Maharashtra
65 years and over,Women,2012-06-01,235000,Hariyana
16 to 19 years,Men,2012-07-01,149000,Hariyana
20 to 24 years,Men,2012-07-01,435000,Hariyana
25 to 34 years,Men,2012-07-01,536000,Hariyana
35 to 44 years,Men,2012-07-01,534000,Hariyana
45 to 54 years,Men,2012-07-01,574000,Hariyana
55 to 64 years,Men,2012-07-01,389000,Hariyana
65 years and over,Men,2012-07-01,168000,Hariyana
16 to 19 years,Women,2012-07-01,121000,Hariyana
20 to 24 years,Women,2012-07-01,280000,Hariyana
25 to 34 years,Women,2012-07-01,526000,Hariyana
35 to 44 years,Women,2012-07-01,490000,Hariyana
45 to 54 years,Women,2012-07-01,559000,Hariyana
55 to 64 years,Women,2012-07-01,359000,Hariyana
65 years and over,Women,2012-07-01,244000,Hariyana
16 to 19 years,Men,2012-08-01,121000,Hariyana
20 to 24 years,Men,2012-08-01,460000,Hariyana
25 to 34 years,Men,2012-08-01,504000,Hariyana
35 to 44 years,Men,2012-08-01,471000,Hariyana
45 to 54 years,Men,2012-08-01,583000,Hariyana
55 to 64 years,Men,2012-08-01,386000,Hariyana
65 years and over,Men,2012-08-01,152000,Hariyana
16 to 19 years,Women,2012-08-01,114000,Hariyana
20 to 24 years,Women,2012-08-01,296000,Hariyana
25 to 34 years,Women,2012-08-01,481000,Hariyana
35 to 44 years,Women,2012-08-01,474000,Hariyana
45 to 54 years,Women,2012-08-01,545000,Hariyana
55 to 64 years,Women,2012-08-01,330000,Hariyana
65 years and over,Women,2012-08-01,243000,Hariyana
16 to 19 years,Men,2012-09-01,147000,Hariyana
20 to 24 years,Men,2012-09-01,368000,Hariyana
25 to 34 years,Men,2012-09-01,560000,Hariyana
35 to 44 years,Men,2012-09-01,458000,Hariyana
45 to 54 years,Men,2012-09-01,508000,Hariyana
55 to 64 years,Men,2012-09-01,412000,Hariyana
65 years and over,Men,2012-09-01,162000,Hariyana
16 to 19 years,Women,2012-09-01,82000,Hariyana
20 to 24 years,Women,2012-09-01,242000,Hariyana
25 to 34 years,Women,2012-09-01,516000,Hariyana
35 to 44 years,Women,2012-09-01,419000,Hariyana
45 to 54 years,Women,2012-09-01,522000,Hariyana
55 to 64 years,Women,2012-09-01,341000,Hariyana
65 years and over,Women,2012-09-01,196000,Hariyana
16 to 19 years,Men,2012-10-01,160000,Hariyana
20 to 24 years,Men,2012-10-01,348000,Hariyana
25 to 34 years,Men,2012-10-01,617000,Hariyana
35 to 44 years,Men,2012-10-01,493000,Hariyana
45 to 54 years,Men,2012-10-01,562000,Hariyana
55 to 64 years,Men,2012-10-01,392000,Hariyana
65 years and over,Men,2012-10-01,120000,Hariyana
16 to 19 years,Women,2012-10-01,105000,Hariyana
20 to 24 years,Women,2012-10-01,252000,Hariyana
25 to 34 years,Women,2012-10-01,521000,Hariyana
35 to 44 years,Women,2012-10-01,417000,Hariyana
45 to 54 years,Women,2012-10-01,469000,Hariyana
55 to 64 years,Women,2012-10-01,343000,Hariyana
65 years and over,Women,2012-10-01,206000,Hariyana
16 to 19 years,Men,2012-11-01,192000,Hariyana
20 to 24 years,Men,2012-11-01,323000,Hariyana
25 to 34 years,Men,2012-11-01,538000,Hariyana
35 to 44 years,Men,2012-11-01,490000,Hariyana
45 to 54 years,Men,2012-11-01,509000,Hariyana
55 to 64 years,Men,2012-11-01,459000,Hariyana
65 years and over,Men,2012-11-01,115000,Hariyana
16 to 19 years,Women,2012-11-01,96000,Hariyana
20 to 24 years,Women,2012-11-01,269000,Hariyana
25 to 34 years,Women,2012-11-01,482000,Hariyana
35 to 44 years,Women,2012-11-01,369000,Hariyana
45 to 54 years,Women,2012-11-01,450000,Hariyana
55 to 64 years,Women,2012-11-01,312000,Hariyana
65 years and over,Women,2012-11-01,195000,Hariyana
16 to 19 years,Men,2012-12-01,155000,Hariyana
20 to 24 years,Men,2012-12-01,368000,Hariyana
25 to 34 years,Men,2012-12-01,526000,Hariyana
35 to 44 years,Men,2012-12-01,476000,Hariyana
45 to 54 years,Men,2012-12-01,475000,Hariyana
55 to 64 years,Men,2012-12-01,404000,Hariyana
65 years and over,Men,2012-12-01,97000,Hariyana
16 to 19 years,Women,2012-12-01,69000,Hariyana
20 to 24 years,Women,2012-12-01,262000,Hariyana
25 to 34 years,Women,2012-12-01,444000,UP
35 to 44 years,Women,2012-12-01,451000,Hariyana
45 to 54 years,Women,2012-12-01,470000,Hariyana
55 to 64 years,Women,2012-12-01,328000,Hariyana
65 years and over,Women,2012-12-01,191000,Hariyana
16 to 19 years,Men,2013-01-01,166000,Hariyana
20 to 24 years,Men,2013-01-01,436000,Hariyana
25 to 34 years,Men,2013-01-01,528000,Hariyana
35 to 44 years,Men,2013-01-01,479000,Hariyana
45 to 54 years,Men,2013-01-01,477000,Hariyana
55 to 64 years,Men,2013-01-01,395000,Hariyana
65 years and over,Men,2013-01-01,125000,Hariyana
16 to 19 years,Women,2013-01-01,107000,Hariyana
20 to 24 years,Women,2013-01-01,264000,Hariyana
25 to 34 years,Women,2013-01-01,436000,Hariyana
35 to 44 years,Women,2013-01-01,464000,Hariyana
45 to 54 years,Women,2013-01-01,470000,Hariyana
55 to 64 years,Women,2013-01-01,339000,Hariyana
65 years and over,Women,2013-01-01,219000,Hariyana
16 to 19 years,Men,2013-02-01,202000,Hariyana
20 to 24 years,Men,2013-02-01,405000,Hariyana
25 to 34 years,Men,2013-02-01,561000,Hariyana
35 to 44 years,Men,2013-02-01,471000,Hariyana
45 to 54 years,Men,2013-02-01,486000,Hariyana
55 to 64 years,Men,2013-02-01,410000,Hariyana
65 years and over,Men,2013-02-01,131000,Hariyana
16 to 19 years,Women,2013-02-01,95000,Hariyana
20 to 24 years,Women,2013-02-01,256000,Hariyana
25 to 34 years,Women,2013-02-01,431000,Hariyana
35 to 44 years,Women,2013-02-01,462000,Hariyana
45 to 54 years,Women,2013-02-01,479000,Hariyana
55 to 64 years,Women,2013-02-01,309000,Hariyana
65 years and over,Women,2013-02-01,198000,Hariyana
16 to 19 years,Men,2013-03-01,151000,Hariyana
20 to 24 years,Men,2013-03-01,381000,Hariyana
25 to 34 years,Men,2013-03-01,511000,Hariyana
35 to 44 years,Men,2013-03-01,500000,MP
45 to 54 years,Men,2013-03-01,493000,Hariyana
55 to 64 years,Men,2013-03-01,421000,Hariyana
65 years and over,Men,2013-03-01,128000,MP
16 to 19 years,Women,2013-03-01,103000,Hariyana
20 to 24 years,Women,2013-03-01,278000,Hariyana
25 to 34 years,Women,2013-03-01,414000,Hariyana
35 to 44 years,Women,2013-03-01,398000,Hariyana
45 to 54 years,Women,2013-03-01,461000,Hariyana
55 to 64 years,Women,2013-03-01,310000,Hariyana
65 years and over,Women,2013-03-01,187000,Hariyana
16 to 19 years,Men,2013-04-01,160000,Hariyana
20 to 24 years,Men,2013-04-01,363000,Hariyana
25 to 34 years,Men,2013-04-01,544000,Hariyana
35 to 44 years,Men,2013-04-01,421000,Hariyana
45 to 54 years,Men,2013-04-01,504000,Hariyana
55 to 64 years,Men,2013-04-01,378000,Hariyana
65 years and over,Men,2013-04-01,149000,Hariyana
16 to 19 years,Women,2013-04-01,124000,Hariyana
20 to 24 years,Women,2013-04-01,262000,Hariyana
25 to 34 years,Women,2013-04-01,413000,Hariyana
35 to 44 years,Women,2013-04-01,341000,Hariyana
45 to 54 years,Women,2013-04-01,444000,Hariyana
55 to 64 years,Women,2013-04-01,299000,Hariyana
65 years and over,Women,2013-04-01,180000,Hariyana
16 to 19 years,Men,2013-05-01,161000,Hariyana
20 to 24 years,Men,2013-05-01,380000,Hariyana
25 to 34 years,Men,2013-05-01,478000,Hariyana
35 to 44 years,Men,2013-05-01,426000,Hariyana
45 to 54 years,Men,2013-05-01,527000,Hariyana
55 to 64 years,Men,2013-05-01,376000,Hariyana
65 years and over,Men,2013-05-01,135000,Hariyana
16 to 19 years,Women,2013-05-01,94000,Hariyana
20 to 24 years,Women,2013-05-01,238000,Hariyana
25 to 34 years,Women,2013-05-01,386000,Hariyana
35 to 44 years,Women,2013-05-01,381000,MP
45 to 54 years,Women,2013-05-01,426000,Hariyana
55 to 64 years,Women,2013-05-01,297000,Hariyana
65 years and over,Women,2013-05-01,143000,Hariyana
16 to 19 years,Men,2013-06-01,146000,Hariyana
20 to 24 years,Men,2013-06-01,418000,Hariyana
25 to 34 years,Men,2013-06-01,488000,Hariyana
35 to 44 years,Men,2013-06-01,366000,Hariyana
45 to 54 years,Men,2013-06-01,449000,Hariyana
55 to 64 years,Men,2013-06-01,325000,Hariyana
65 years and over,Men,2013-06-01,116000,Hariyana
16 to 19 years,Women,2013-06-01,106000,Hariyana
20 to 24 years,Women,2013-06-01,253000,Hariyana
25 to 34 years,Women,2013-06-01,427000,Hariyana
35 to 44 years,Women,2013-06-01,372000,Hariyana
45 to 54 years,Women,2013-06-01,398000,Hariyana
55 to 64 years,Women,2013-06-01,270000,Hariyana
65 years and over,Women,2013-06-01,226000,Hariyana
16 to 19 years,Men,2013-07-01,131000,Hariyana
20 to 24 years,Men,2013-07-01,377000,Hariyana
25 to 34 years,Men,2013-07-01,492000,Hariyana
35 to 44 years,Men,2013-07-01,421000,Hariyana
45 to 54 years,Men,2013-07-01,451000,Hariyana
55 to 64 years,Men,2013-07-01,353000,Hariyana
65 years and over,Men,2013-07-01,106000,Hariyana
16 to 19 years,Women,2013-07-01,79000,Hariyana
20 to 24 years,Women,2013-07-01,239000,Hariyana
25 to 34 years,Women,2013-07-01,507000,Hariyana
35 to 44 years,Women,2013-07-01,400000,UP
45 to 54 years,Women,2013-07-01,405000,Hariyana
55 to 64 years,Women,2013-07-01,268000,Hariyana
65 years and over,Women,2013-07-01,170000,Hariyana
16 to 19 years,Men,2013-08-01,123000,Hariyana
20 to 24 years,Men,2013-08-01,393000,Hariyana
25 to 34 years,Men,2013-08-01,594000,Hariyana
35 to 44 years,Men,2013-08-01,462000,Hariyana
45 to 54 years,Men,2013-08-01,417000,Hariyana
55 to 64 years,Men,2013-08-01,364000,Hariyana
65 years and over,Men,2013-08-01,78000,Hariyana
16 to 19 years,Women,2013-08-01,77000,Hariyana
20 to 24 years,Women,2013-08-01,239000,Hariyana
25 to 34 years,Women,2013-08-01,458000,Hariyana
35 to 44 years,Women,2013-08-01,348000,Hariyana
45 to 54 years,Women,2013-08-01,372000,Hariyana
55 to 64 years,Women,2013-08-01,290000,Hariyana
65 years and over,Women,2013-08-01,167000,Hariyana
16 to 19 years,Men,2013-09-01,141000,Hariyana
20 to 24 years,Men,2013-09-01,403000,Hariyana
25 to 34 years,Men,2013-09-01,479000,Hariyana
35 to 44 years,Men,2013-09-01,454000,Hariyana
45 to 54 years,Men,2013-09-01,404000,Hariyana
55 to 64 years,Men,2013-09-01,385000,Hariyana
65 years and over,Men,2013-09-01,91000,Hariyana
16 to 19 years,Women,2013-09-01,37000,Hariyana
20 to 24 years,Women,2013-09-01,211000,Hariyana
25 to 34 years,Women,2013-09-01,421000,Hariyana
35 to 44 years,Women,2013-09-01,307000,MP
45 to 54 years,Women,2013-09-01,363000,Hariyana
55 to 64 years,Women,2013-09-01,302000,Hariyana
65 years and over,Women,2013-09-01,195000,Hariyana
16 to 19 years,Men,2013-10-01,132000,Hariyana
20 to 24 years,Men,2013-10-01,319000,Hariyana
25 to 34 years,Men,2013-10-01,437000,Hariyana
35 to 44 years,Men,2013-10-01,410000,Hariyana
45 to 54 years,Men,2013-10-01,424000,Hariyana
55 to 64 years,Men,2013-10-01,363000,Hariyana
65 years and over,Men,2013-10-01,97000,Hariyana
16 to 19 years,Women,2013-10-01,73000,Hariyana
20 to 24 years,Women,2013-10-01,210000,Hariyana
25 to 34 years,Women,2013-10-01,445000,Hariyana
35 to 44 years,Women,2013-10-01,303000,Hariyana
45 to 54 years,Women,2013-10-01,355000,Hariyana
55 to 64 years,Women,2013-10-01,317000,Hariyana
65 years and over,Women,2013-10-01,186000,Hariyana
16 to 19 years,Men,2013-11-01,144000,Hariyana
20 to 24 years,Men,2013-11-01,289000,Hariyana
25 to 34 years,Men,2013-11-01,549000,Hariyana
35 to 44 years,Men,2013-11-01,411000,Hariyana
45 to 54 years,Men,2013-11-01,399000,Hariyana
55 to 64 years,Men,2013-11-01,339000,Hariyana
65 years and over,Men,2013-11-01,97000,Hariyana
16 to 19 years,Women,2013-11-01,75000,Hariyana
20 to 24 years,Women,2013-11-01,197000,Hariyana
25 to 34 years,Women,2013-11-01,435000,Hariyana
35 to 44 years,Women,2013-11-01,305000,Hariyana
45 to 54 years,Women,2013-11-01,398000,Hariyana
55 to 64 years,Women,2013-11-01,272000,Hariyana
65 years and over,Women,2013-11-01,179000,Hariyana
16 to 19 years,Men,2013-12-01,106000,Hariyana
20 to 24 years,Men,2013-12-01,307000,Hariyana
25 to 34 years,Men,2013-12-01,514000,Hariyana
35 to 44 years,Men,2013-12-01,409000,Hariyana
45 to 54 years,Men,2013-12-01,359000,Hariyana
55 to 64 years,Men,2013-12-01,359000,Maharashtra
65 years and over,Men,2013-12-01,82000,Hariyana
16 to 19 years,Women,2013-12-01,62000,Hariyana
20 to 24 years,Women,2013-12-01,217000,Hariyana
25 to 34 years,Women,2013-12-01,370000,Hariyana
35 to 44 years,Women,2013-12-01,290000,Hariyana
45 to 54 years,Women,2013-12-01,357000,Hariyana
55 to 64 years,Women,2013-12-01,240000,Hariyana
65 years and over,Women,2013-12-01,169000,Hariyana
16 to 19 years,Men,2014-01-01,97000,Hariyana
20 to 24 years,Men,2014-01-01,339000,Hariyana
25 to 34 years,Men,2014-01-01,493000,Hariyana
35 to 44 years,Men,2014-01-01,363000,Hariyana
45 to 54 years,Men,2014-01-01,427000,Hariyana
55 to 64 years,Men,2014-01-01,318000,Hariyana
65 years and over,Men,2014-01-01,93000,Hariyana
16 to 19 years,Women,2014-01-01,88000,Hariyana
20 to 24 years,Women,2014-01-01,222000,Hariyana
25 to 34 years,Women,2014-01-01,292000,Hariyana
35 to 44 years,Women,2014-01-01,304000,Hariyana
45 to 54 years,Women,2014-01-01,346000,Hariyana
55 to 64 years,Women,2014-01-01,231000,Hariyana
65 years and over,Women,2014-01-01,179000,Hariyana
16 to 19 years,Men,2014-02-01,129000,Hariyana
20 to 24 years,Men,2014-02-01,366000,Hariyana
25 to 34 years,Men,2014-02-01,488000,Hariyana
35 to 44 years,Men,2014-02-01,380000,Hariyana
45 to 54 years,Men,2014-02-01,458000,Hariyana
55 to 64 years,Men,2014-02-01,304000,Hariyana
65 years and over,Men,2014-02-01,76000,Hariyana
16 to 19 years,Women,2014-02-01,112000,Hariyana
20 to 24 years,Women,2014-02-01,184000,Hariyana
25 to 34 years,Women,2014-02-01,393000,Hariyana
35 to 44 years,Women,2014-02-01,317000,Hariyana
45 to 54 years,Women,2014-02-01,354000,Hariyana
55 to 64 years,Women,2014-02-01,244000,Hariyana
65 years and over,Women,2014-02-01,173000,Hariyana
16 to 19 years,Men,2014-03-01,136000,Hariyana
20 to 24 years,Men,2014-03-01,378000,Hariyana
25 to 34 years,Men,2014-03-01,418000,Hariyana
35 to 44 years,Men,2014-03-01,351000,Hariyana
45 to 54 years,Men,2014-03-01,401000,Hariyana
55 to 64 years,Men,2014-03-01,347000,Hariyana
65 years and over,Men,2014-03-01,76000,Hariyana
16 to 19 years,Women,2014-03-01,99000,Hariyana
20 to 24 years,Women,2014-03-01,224000,Hariyana
25 to 34 years,Women,2014-03-01,404000,Hariyana
35 to 44 years,Women,2014-03-01,316000,Hariyana
45 to 54 years,Women,2014-03-01,332000,Hariyana
55 to 64 years,Women,2014-03-01,252000,Hariyana
65 years and over,Women,2014-03-01,151000,Hariyana
16 to 19 years,Men,2014-04-01,119000,Hariyana
20 to 24 years,Men,2014-04-01,325000,Hariyana
25 to 34 years,Men,2014-04-01,456000,Hariyana
35 to 44 years,Men,2014-04-01,313000,Hariyana
45 to 54 years,Men,2014-04-01,337000,Hariyana
55 to 64 years,Men,2014-04-01,284000,Hariyana
65 years and over,Men,2014-04-01,105000,Hariyana
16 to 19 years,Women,2014-04-01,88000,Hariyana
20 to 24 years,Women,2014-04-01,165000,Hariyana
25 to 34 years,Women,2014-04-01,357000,Hariyana
35 to 44 years,Women,2014-04-01,273000,Hariyana
45 to 54 years,Women,2014-04-01,333000,Hariyana
55 to 64 years,Women,2014-04-01,264000,Hariyana
65 years and over,Women,2014-04-01,143000,Delhi
16 to 19 years,Men,2014-05-01,84000,Hariyana
20 to 24 years,Men,2014-05-01,302000,Hariyana
25 to 34 years,Men,2014-05-01,496000,Hariyana
35 to 44 years,Men,2014-05-01,311000,Hariyana
45 to 54 years,Men,2014-05-01,329000,Hariyana
55 to 64 years,Men,2014-05-01,253000,Hariyana
65 years and over,Men,2014-05-01,84000,Hariyana
16 to 19 years,Women,2014-05-01,75000,Hariyana
20 to 24 years,Women,2014-05-01,141000,Hariyana
25 to 34 years,Women,2014-05-01,372000,Hariyana
35 to 44 years,Women,2014-05-01,278000,Hariyana
45 to 54 years,Women,2014-05-01,304000,Hariyana
55 to 64 years,Women,2014-05-01,250000,Hariyana
65 years and over,Women,2014-05-01,183000,Hariyana
16 to 19 years,Men,2014-06-01,66000,Hariyana
20 to 24 years,Men,2014-06-01,285000,Hariyana
25 to 34 years,Men,2014-06-01,386000,Hariyana
35 to 44 years,Men,2014-06-01,268000,Hariyana
45 to 54 years,Men,2014-06-01,278000,Hariyana
55 to 64 years,Men,2014-06-01,289000,Hariyana
65 years and over,Men,2014-06-01,114000,Hariyana
16 to 19 years,Women,2014-06-01,81000,Hariyana
20 to 24 years,Women,2014-06-01,130000,Hariyana
25 to 34 years,Women,2014-06-01,339000,Hariyana
35 to 44 years,Women,2014-06-01,250000,Gujrat
45 to 54 years,Women,2014-06-01,239000,Hariyana
55 to 64 years,Women,2014-06-01,203000,Hariyana
65 years and over,Women,2014-06-01,172000,Hariyana
16 to 19 years,Men,2014-07-01,98000,Hariyana
20 to 24 years,Men,2014-07-01,277000,Hariyana
25 to 34 years,Men,2014-07-01,413000,Hariyana
35 to 44 years,Men,2014-07-01,312000,Hariyana
45 to 54 years,Men,2014-07-01,254000,Hariyana
55 to 64 years,Men,2014-07-01,251000,Hariyana
65 years and over,Men,2014-07-01,97000,Hariyana
16 to 19 years,Women,2014-07-01,93000,Hariyana
20 to 24 years,Women,2014-07-01,140000,Hariyana
25 to 34 years,Women,2014-07-01,348000,Hariyana
35 to 44 years,Women,2014-07-01,280000,Hariyana
45 to 54 years,Women,2014-07-01,293000,Hariyana
55 to 64 years,Women,2014-07-01,267000,Hariyana
65 years and over,Women,2014-07-01,213000,Hariyana
16 to 19 years,Men,2014-08-01,105000,Hariyana
20 to 24 years,Men,2014-08-01,254000,Hariyana
25 to 34 years,Men,2014-08-01,342000,Hariyana
35 to 44 years,Men,2014-08-01,288000,Hariyana
45 to 54 years,Men,2014-08-01,265000,Hariyana
55 to 64 years,Men,2014-08-01,215000,Hariyana
65 years and over,Men,2014-08-01,95000,Hariyana
16 to 19 years,Women,2014-08-01,68000,Hariyana
20 to 24 years,Women,2014-08-01,136000,Hariyana
25 to 34 years,Women,2014-08-01,354000,Hariyana
35 to 44 years,Women,2014-08-01,250000,Hariyana
45 to 54 years,Women,2014-08-01,258000,Hariyana
55 to 64 years,Women,2014-08-01,224000,Hariyana
65 years and over,Women,2014-08-01,257000,Hariyana
16 to 19 years,Men,2014-09-01,89000,Hariyana
20 to 24 years,Men,2014-09-01,266000,Hariyana
25 to 34 years,Men,2014-09-01,350000,Hariyana
35 to 44 years,Men,2014-09-01,228000,Hariyana
45 to 54 years,Men,2014-09-01,275000,Hariyana
55 to 64 years,Men,2014-09-01,218000,Hariyana
65 years and over,Men,2014-09-01,79000,Hariyana
16 to 19 years,Women,2014-09-01,83000,Hariyana
20 to 24 years,Women,2014-09-01,116000,Hariyana
25 to 34 years,Women,2014-09-01,350000,Hariyana
35 to 44 years,Women,2014-09-01,294000,Hariyana
45 to 54 years,Women,2014-09-01,297000,Hariyana
55 to 64 years,Women,2014-09-01,191000,Hariyana
65 years and over,Women,2014-09-01,193000,Hariyana
16 to 19 years,Men,2014-10-01,84000,Hariyana
20 to 24 years,Men,2014-10-01,241000,Hariyana
25 to 34 years,Men,2014-10-01,313000,Hariyana
35 to 44 years,Men,2014-10-01,240000,Hariyana
45 to 54 years,Men,2014-10-01,276000,Hariyana
55 to 64 years,Men,2014-10-01,252000,Hariyana
65 years and over,Men,2014-10-01,84000,Hariyana
16 to 19 years,Women,2014-10-01,37000,Hariyana
20 to 24 years,Women,2014-10-01,197000,Hariyana
25 to 34 years,Women,2014-10-01,334000,Hariyana
35 to 44 years,Women,2014-10-01,234000,Hariyana
45 to 54 years,Women,2014-10-01,278000,Hariyana
55 to 64 years,Women,2014-10-01,203000,Hariyana
65 years and over,Women,2014-10-01,188000,Hariyana
16 to 19 years,Men,2014-11-01,75000,Hariyana
20 to 24 years,Men,2014-11-01,226000,Hariyana
25 to 34 years,Men,2014-11-01,282000,Hariyana
35 to 44 years,Men,2014-11-01,257000,Hariyana
45 to 54 years,Men,2014-11-01,292000,Hariyana
55 to 64 years,Men,2014-11-01,242000,Hariyana
65 years and over,Men,2014-11-01,122000,Hariyana
16 to 19 years,Women,2014-11-01,62000,Hariyana
20 to 24 years,Women,2014-11-01,174000,Hariyana
25 to 34 years,Women,2014-11-01,297000,Hariyana
35 to 44 years,Women,2014-11-01,225000,Hariyana
45 to 54 years,Women,2014-11-01,237000,Hariyana
55 to 64 years,Women,2014-11-01,234000,Hariyana
65 years and over,Women,2014-11-01,141000,Hariyana
16 to 19 years,Men,2014-12-01,81000,Hariyana
20 to 24 years,Men,2014-12-01,201000,Hariyana
25 to 34 years,Men,2014-12-01,357000,Hariyana
35 to 44 years,Men,2014-12-01,205000,Hariyana
45 to 54 years,Men,2014-12-01,285000,Hariyana
55 to 64 years,Men,2014-12-01,266000,Hariyana
65 years and over,Men,2014-12-01,110000,Hariyana
16 to 19 years,Women,2014-12-01,60000,Hariyana
20 to 24 years,Women,2014-12-01,182000,Hariyana
25 to 34 years,Women,2014-12-01,284000,Hariyana
35 to 44 years,Women,2014-12-01,226000,Hariyana
45 to 54 years,Women,2014-12-01,214000,Hariyana
55 to 64 years,Women,2014-12-01,173000,Hariyana
65 years and over,Women,2014-12-01,128000,Hariyana
16 to 19 years,Men,2015-01-01,85000,Hariyana
20 to 24 years,Men,2015-01-01,241000,Hariyana
25 to 34 years,Men,2015-01-01,362000,Hariyana
35 to 44 years,Men,2015-01-01,282000,Hariyana
45 to 54 years,Men,2015-01-01,249000,Hariyana
55 to 64 years,Men,2015-01-01,222000,Hariyana
65 years and over,Men,2015-01-01,97000,Hariyana
16 to 19 years,Women,2015-01-01,75000,Hariyana
20 to 24 years,Women,2015-01-01,143000,Hariyana
25 to 34 years,Women,2015-01-01,302000,Hariyana
35 to 44 years,Women,2015-01-01,240000,Hariyana
45 to 54 years,Women,2015-01-01,297000,Hariyana
55 to 64 years,Women,2015-01-01,212000,Hariyana
65 years and over,Women,2015-01-01,157000,Hariyana
16 to 19 years,Men,2015-02-01,93000,Hariyana
20 to 24 years,Men,2015-02-01,255000,Gujrat
25 to 34 years,Men,2015-02-01,319000,Gujrat
35 to 44 years,Men,2015-02-01,270000,Gujrat
45 to 54 years,Men,2015-02-01,272000,Gujrat
55 to 64 years,Men,2015-02-01,229000,Gujrat
65 years and over,Men,2015-02-01,100000,Gujrat
16 to 19 years,Women,2015-02-01,80000,Gujrat
20 to 24 years,Women,2015-02-01,141000,Gujrat
25 to 34 years,Women,2015-02-01,294000,Gujrat
35 to 44 years,Women,2015-02-01,235000,Gujrat
45 to 54 years,Women,2015-02-01,253000,Gujrat
55 to 64 years,Women,2015-02-01,170000,Gujrat
65 years and over,Women,2015-02-01,174000,Gujrat
